-- MySQL dump 10.13  Distrib 8.0.32, for Win64 (x86_64)
--
-- Host: 127.0.0.1    Database: userdb
-- ------------------------------------------------------
-- Server version	8.0.32

/*!40101 SET @OLD_CHARACTER_SET_CLIENT=@@CHARACTER_SET_CLIENT */;
/*!40101 SET @OLD_CHARACTER_SET_RESULTS=@@CHARACTER_SET_RESULTS */;
/*!40101 SET @OLD_COLLATION_CONNECTION=@@COLLATION_CONNECTION */;
/*!50503 SET NAMES utf8 */;
/*!40103 SET @OLD_TIME_ZONE=@@TIME_ZONE */;
/*!40103 SET TIME_ZONE='+00:00' */;
/*!40014 SET @OLD_UNIQUE_CHECKS=@@UNIQUE_CHECKS, UNIQUE_CHECKS=0 */;
/*!40014 SET @OLD_FOREIGN_KEY_CHECKS=@@FOREIGN_KEY_CHECKS, FOREIGN_KEY_CHECKS=0 */;
/*!40101 SET @OLD_SQL_MODE=@@SQL_MODE, SQL_MODE='NO_AUTO_VALUE_ON_ZERO' */;
/*!40111 SET @OLD_SQL_NOTES=@@SQL_NOTES, SQL_NOTES=0 */;

--
-- Table structure for table `article`
--

DROP TABLE IF EXISTS `article`;
/*!40101 SET @saved_cs_client     = @@character_set_client */;
/*!50503 SET character_set_client = utf8mb4 */;
CREATE TABLE `article` (
  `id_article` bigint NOT NULL AUTO_INCREMENT,
  `title` varchar(200) NOT NULL,
  `journalist_id_a` bigint NOT NULL,
  `article_content` longtext NOT NULL,
  `category` varchar(200) NOT NULL,
  `date_of_submission` datetime NOT NULL,
  PRIMARY KEY (`id_article`),
  KEY `owner_id_fk_idx` (`journalist_id_a`),
  CONSTRAINT `owner_id_fk` FOREIGN KEY (`journalist_id_a`) REFERENCES `user` (`id`) ON DELETE CASCADE ON UPDATE CASCADE
) ENGINE=InnoDB AUTO_INCREMENT=51 DEFAULT CHARSET=utf8mb4 COLLATE=utf8mb4_0900_ai_ci;
/*!40101 SET character_set_client = @saved_cs_client */;

--
-- Dumping data for table `article`
--

LOCK TABLES `article` WRITE;
/*!40000 ALTER TABLE `article` DISABLE KEYS */;
INSERT INTO `article` VALUES (1,'Społeczeństwo oczekuje działań na rzecz równości i rozwoju',1,'<h1>W obecnych czasach </h1><p>polityka odgrywa kluczową rolę w kształtowaniu społeczeństwa i decydowaniu o jego przyszłości. Różnorodne kwestie polityczne i społeczne stają się tematami gorących dyskusji, a społeczeństwo domaga się od swoich liderów działań na rzecz równości, sprawiedliwości i rozwoju. W tym artykule przedstawiamy najważniejsze wydarzenia i inicjatywy polityczne, które mają wpływ na naszą rzeczywistość.</p><p class=\"ql-align-center\"><br></p><h2 class=\"ql-align-center\">Wpływ ruchów społecznych na politykę:</h2><p><br></p><p><img src=\"https://i.imgur.com/GWxgzmn.jpg\"></p><p><br></p><p>W ciągu ostatnich lat ruchy społeczne, takie jak ruchy feministyczne, środowiskowe i społeczne, zyskały ogromną popularność i wpłynęły na politykę w wielu krajach. Społeczeństwo domaga się równości płci, ochrony środowiska i większego zaangażowania w rozwiązanie problemów społecznych. Politycy coraz częściej muszą uwzględniać te postulaty i działać na rzecz spełnienia oczekiwań swoich wyborców.</p><p class=\"ql-align-center\"><br></p><h2 class=\"ql-align-center\">Walka z nierównościami społecznymi:</h2><p><br></p><p><img src=\"https://i.imgur.com/Ghey2mn.jpg\"></p><p><br></p><p>Kwestie nierówności społecznych są obecnie jednym z najważniejszych zagadnień politycznych. Wielu polityków podejmuje działania mające na celu zmniejszenie różnic w dostępie do edukacji, opieki zdrowotnej i zatrudnienia. Programy redystrybucji dochodów oraz wprowadzenie podatków mających na celu zwiększenie solidarności społecznej stają się popularnymi propozycjami wśród partii politycznych.</p><p class=\"ql-align-center\"><br></p><h2 class=\"ql-align-center\">Współpraca międzynarodowa:</h2><p class=\"ql-align-center\"><br></p><p><img src=\"https://i.imgur.com/PKIcDKv.jpg\"></p><p><br></p><p>Globalne wyzwania, takie jak zmiany klimatyczne, pandemia COVID-19 czy migracja, wymagają współpracy międzynarodowej. Politycy starają się budować mosty między krajami i organizacjami, aby skutecznie rozwiązywać te problemy. Umowy międzynarodowe, takie jak Porozumienie Paryskie w sprawie zmian klimatycznych czy Global Compact for Migration, stają się filarami działań politycznych w celu osiągnięcia stabilności i zrównoważonego rozwoju.</p><p class=\"ql-align-center\"><br></p><h2 class=\"ql-align-center\">Innowacje technologiczne i polityka:</h2><p><br></p><p><img src=\"https://i.imgur.com/jpZzUSd.jpg\"></p><p><br></p><p>Postęp technologiczny odgrywa coraz większą rolę w polityce. Politycy starają się nadążać za dynamicznymi zmianami technologicznymi i regulować nowe technologie, takie jak sztuczna inteligencja, blockchain czy robotyka. Wprowadzanie odpowiednich ram prawnych i etycznych, które promują innowacje i jednocześnie chronią prawa i wolności jednostki, jest jednym z wyzwań dla polityków.</p><p><br></p><h1>Podsumowanie:</h1><p><br></p><p>Obecnie polityka jest nierozerwalnie związana z kwestiami społecznymi, gospodarczymi i technologicznymi. Politycy muszą uwzględniać oczekiwania społeczeństwa i podejmować działania, które przyczynią się do zrównoważonego rozwoju i równości. Wyzwania, takie jak nierówności społeczne, zmiany klimatyczne czy postęp technologiczny, wymagają skutecznych działań politycznych. Przywódcy polityczni mają ważną rolę w kształtowaniu naszej przyszłości, dlatego też społeczeństwo oczekuje od nich odpowiedzialności, uczciwości i zdolności do podejmowania trudnych decyzji.</p>','politics','2024-03-20 13:23:44'),(2,'Rewolucja, innowacje i wyzwania',1,'<p><span class=\"ql-size-large\">Wraz z dynamicznym postępem technologicznym</span>nasze społeczeństwo znajduje się w nieustannym stanie rewolucji. Innowacje technologiczne zmieniają nasz sposób życia, wpływając na każdy aspekt naszej codzienności. Od komunikacji po medycynę, technologia ma ogromny wpływ na nasz rozwój i przyszłość. Dlatego warto spojrzeć na kilka kluczowych obszarów technologii, które obecnie odgrywają znaczącą rolę i będą miały jeszcze większe znaczenie w przyszłości.</p><p><br></p><h1 class=\"ql-align-center\"><span style=\"color: var(--tw-prose-bold);\">Sztuczna inteligencja (AI) i uczenie maszynowe (ML)</span></h1><p class=\"ql-align-center\"><img src=\"https://i.imgur.com/epYc3x5.png\"></p><p><br></p><p>Sztuczna inteligencja i uczenie maszynowe odgrywają kluczową rolę w dzisiejszej technologii. AI i ML wykorzystywane są w tak różnorodnych dziedzinach jak przetwarzanie języka naturalnego, rozpoznawanie obrazów, samochody autonomiczne i wiele więcej. Algorytmy uczenia maszynowego uczą się na podstawie ogromnych ilości danych, umożliwiając komputerom podejmowanie decyzji i wykonywanie zadań na poziomie zbliżonym lub nawet przewyższającym ludzką inteligencję. Jednak rozwój tej dziedziny wiąże się również z etycznymi wyzwaniami i koniecznością odpowiedzialnego wykorzystania technologii AI.</p><p><br></p><h1 class=\"ql-align-center\"><span style=\"color: var(--tw-prose-bold);\">Internet rzeczy (IoT)</span></h1><p class=\"ql-align-center\"><img src=\"https://i.imgur.com/agb0W85.jpg\"></p><p><br></p><p>Internet rzeczy to kolejny rewolucyjny obszar technologii. Dzięki połączeniu urządzeń i systemów z Internetem możliwe jest tworzenie inteligentnych domów, inteligentnych miast i inteligentnych przedsiębiorstw. Wszystko, od naszych lodówek i telewizorów po urządzenia przemysłowe, może być podłączone do sieci, umożliwiając zdalne sterowanie, monitorowanie i optymalizację. Jednak ze wzrostem liczby podłączonych urządzeń rośnie również ryzyko związane z prywatnością i bezpieczeństwem danych. Bezpieczeństwo cybernetyczne staje się zatem kluczowym wyzwaniem dla branży technologicznej.</p><p><br></p><h1 class=\"ql-align-center\"><span style=\"color: var(--tw-prose-bold);\">Rozszerzona rzeczywistość (AR) i wirtualna rzeczywistość (VR)</span></h1><p class=\"ql-align-center\"><img src=\"https://i.imgur.com/lZGtvoR.jpg\"></p><p><br></p><p>AR i VR to technologie, które umożliwiają nam interakcję z cyfrowym światem w sposób zupełnie nowy. AR łączy elementy rzeczywistości fizycznej z cyfrowymi, dodając informacje lub obrazy na rzeczywiste obiekty. VR natomiast przenosi nas w całkowicie wirtualne środowiska, w których możemy doświadczać w pełni zanurzonych doświadczeń. Obie te technologie mają ogromny potencjał w dziedzinach takich jak edukacja, rozrywka, treningi i zdrowie. Jednak wraz z rozwojem tych technologii pojawiają się wyzwania dotyczące ich dostępności, ceny i ewentualnych negatywnych skutków dla zdrowia użytkowników.</p><p><br></p><p><span class=\"ql-size-large\">Wraz</span> z postępem technologicznym napotykamy również wiele wyzwań związanych z prywatnością, bezpieczeństwem danych, etyką i równością dostępu. Dlatego też ważne jest, abyśmy rozwijali technologię w sposób odpowiedzialny i zgodny z naszymi wartościami. Technologia przyszłości oferuje nieograniczone możliwości, ale jednocześnie stawia przed nami wiele pytań dotyczących etyki i konsekwencji. Musimy być świadomi zarówno korzyści, jak i zagrożeń związanych z rozwojem technologicznym. Tylko wtedy będziemy w stanie wykorzystać potencjał technologii, aby budować lepszą i bardziej zrównoważoną przyszłość dla naszej planety.</p>','technology','2024-03-20 13:23:44'),(3,'Zawody, które elektryzują świat:',1,'<h2 class=\"ql-align-center\">Zbliża się największe wydarzenie sportowe - Letnie Igrzyska Olimpijskie 2024</h2><p class=\"ql-align-center\"><img src=\"https://i.imgur.com/mjCZq0a.png\"></p><p><br></p><p><u>Paryż, Francja</u> - Zaledwie za kilka miesięcy miasto miłośników sportu z całego świata zostanie opanowane przez najważniejsze wydarzenie sportowe - Letnie Igrzyska Olimpijskie 2024. Przez dwa tygodnie sportowcy z ponad 200 krajów zmierzą się w różnych dyscyplinach, rywalizując o medale i trwającą wieczność w historii olimpijskiego sportu.</p><p class=\"ql-align-center\"><br></p><h2 class=\"ql-align-center\">Sport w centrum uwagi</h2><p class=\"ql-align-center\"><br></p><p><br></p><p>Letnie Igrzyska Olimpijskie są zawsze wyjątkowym momentem dla sportu. To okazja, gdy najlepsi sportowcy świata z różnych dyscyplin spotykają się razem, by walczyć o najwyższe laury. Sport staje się uniwersalnym językiem, który przekracza granice, jednocząc narody i kultury.</p><p><br></p><p>Igrzyska Olimpijskie 2024 to także okazja do przedstawienia nowych dyscyplin, które zyskały status olimpijski. W tym roku zobaczymy takie sporty jak wspinaczka sportowa, surfing, skateboard, karate i baseball/softball, które z pewnością dostarczą wielu emocji zarówno zawodnikom, jak i kibicom.</p><p class=\"ql-align-center\"><br></p><h2 class=\"ql-align-center\">Paryż - stolica sportu</h2><p class=\"ql-align-center\"><br></p><p><img src=\"https://i.imgur.com/4OCnpF0.jpg\"></p><p>Paryż, stolica Francji, został wybrany na gospodarza Letnich Igrzysk Olimpijskich 2024 i już teraz miasto szykuje się na niezwykłe wydarzenie. Infrastruktura sportowa i turystyczna jest przygotowywana, aby przyjąć tysiące sportowców i fanów z całego świata.</p><p><br></p><p>Najbardziej oczekiwanym obiektem sportowym jest Stadion Olimpijski, który zostanie wybudowany specjalnie na tę okazję. Po zakończeniu igrzysk stadion stanie się nową ikoną miasta, będącą dowodem na to, że sport ma moc połączenia ludzi i budowania wspólnoty.</p><p class=\"ql-align-center\"><br></p><h2 class=\"ql-align-center\">Polska nadzieja na medal</h2><p class=\"ql-align-center\"><br></p><p class=\"ql-align-center\"><br></p><p class=\"ql-align-center\"><img src=\"https://i.imgur.com/yZI2x8v.jpg\"></p><p>Polska, jak zawsze, będzie miała swoje przedstawicielki i przedstawicieli na Letnich Igrzyskach Olimpijskich 2024. Kibice z niecierpliwością czekają na występy polskich sportowców i liczą na zdobycie kolejnych medali.</p><p><br></p><p>Nasi sportowcy mają wiele do zaoferowania w różnych dyscyplinach. Zarówno w tradycyjnych jak i nowych sportach, polscy zawodnicy udowodnili swoje umiejętności na arenie międzynarodowej. Od lekkoatletyki przez pływanie po siatkówkę, każda dyscyplina może przynieść niesamowite emocje i chwile dumy dla Polski.</p><p class=\"ql-align-center\"><br></p><h2 class=\"ql-align-center\">Świat w napięciu</h2><p><br></p><p><img src=\"https://i.imgur.com/N0LMV42.jpg\"></p><p>Letnie Igrzyska Olimpijskie 2024 przyciągają uwagę całego świata. Miliony ludzi na całym globie będą oglądać zawody, wspierając swoich ulubionych sportowców i czerpiąc radość z każdego pięknego momentu sportowej rywalizacji.</p><p><br></p><p>W erze globalnej komunikacji, igrzyska są dostępne dla wszystkich, dzięki transmisjom telewizyjnym i strumieniom online. Ludzie mogą śledzić na żywo najważniejsze momenty, niezależnie od tego, gdzie się znajdują.</p><p><br></p><p><br></p><p><span class=\"ql-size-large\">Letnie Igrzyska Olimpijskie 2024</span> w Paryżu obiecują być spektakularnym wydarzeniem dla świata sportu. Przygotowane zostaną niesamowite widowiska, emocje sięgną zenitu, a sportowcy z całego świata będą dążyć do swojego życiowego osiągnięcia - zdobycia olimpijskiego złota.</p><p><br></p><p>Bądźmy świadkami tej niezwykłej podróży, gdy sport łączy nas w jedno, przekraczając granice i kultywując ducha rywalizacji. Niech Letnie Igrzyska Olimpijskie 2024 staną się źródłem inspiracji i dumy dla wszystkich, którzy kochają sport i wierzą w siłę sportowej pasji.</p>','sport','2024-03-20 13:23:44'),(4,'Emocjonujący mecz zakończony.',1,'<h1 class=\"ql-align-center\">Emocjonujący mecz zakończony zwycięstwem niespodziewanego zespołu</h1><p class=\"ql-align-center\"><img src=\"https://i.imgur.com/YeyxMKI.jpg\"></p><p class=\"ql-align-center\"><br></p><p>Wczoraj wieczorem miała miejsce prawdziwa sportowa uczta dla fanów piłki nożnej na całym świecie. Finał Ligi Mistrzów, najważniejszego klubowego turnieju w Europie, przyniósł niezapomniane emocje, a zakończył się sensacyjnym zwycięstwem zespołu, który wcześniej nie był typowany jako faworyt.</p><p><br></p><p>Mecz od samego początku obfitował w dynamiczne akcje i niezwykłe zwroty akcji. Oba zespoły, znane z ofensywnego stylu gry, starały się narzucić swoje tempo od pierwszych minut. Zarówno zawodnicy drużyny A, jak i drużyny B, prezentowali wysoką jakość piłkarską, co przyciągnęło uwagę milionów kibiców na całym świecie.</p><p><br></p><p>Pierwsza połowa zakończyła się remisem 1:1. Zawodnicy drużyny A zdobyli bramkę w 25. minucie, a odpowiedź drużyny B nastąpiła kilka minut później. Druga połowa toczyła się pod znakiem wyrównanej walki, z obiema drużynami dążącymi do strzelenia decydującego gola. Jednak ani jedni, ani drudzy nie byli w stanie przełamać obrony przeciwnika, co oznaczało przedłużenie spotkania.</p><p><br></p><p>Przedłużenie także było pełne emocji, ale żadna z drużyn nie była w stanie zdobyć bramki. Zawodnicy byli już zmęczeni po intensywnej grze przez 90 minut, ale musieli stawić czoła kolejnemu wyzwaniu – rzutom karnym.</p><p><img src=\"https://i.imgur.com/tKBLsn2.jpg\"></p><p><br></p><p>Rzuty karne były prawdziwym testem nerwów zarówno dla zawodników, jak i dla kibiców. Pierwszy strzał oddała drużyna B i zaskakująco niecelnie. Zawodnicy drużyny A natychmiast wykorzystali tę szansę, zdobywając pierwszą bramkę. W kolejnych rundach zawodnicy obu drużyn trafiali lub pudłowali, a napięcie na boisku i na trybunach rosło z każdym kolejnym strzałem. Ostatecznie to drużyna A wygrała serię rzutów karnych 5:4, zapewniając sobie zwycięstwo w finale Ligi Mistrzów. Ich bramkarz stał się bohaterem wieczoru, broniąc kluczowy rzut karny w ostatniej rundzie.</p><p><img src=\"https://i.imgur.com/tNN7yI7.jpg\"></p><p><br></p><p>To zwycięstwo jest ogromnym zaskoczeniem dla wielu ekspertów i fanów, którzy wcześniej typowali drużynę B jako faworyta tego spotkania. Drużyna A pokazała nie tylko swoją jakość piłkarską, ale także niezłomną determinację i umiejętność radzenia sobie w trudnych sytuacjach.</p><p>Zakończenie finału Ligi Mistrzów przypomina nam, dlaczego tak wielu ludzi kocha sport. Niewątpliwie, to był jeden z tych meczów, który na zawsze pozostanie w pamięci zarówno zawodników, jak i kibiców.</p>','sport','2024-03-20 13:23:44'),(5,'Rekordowe osiągnięcia w świecie sportu.',1,'<p><em class=\"ql-size-large\">Sport</em> to nie tylko zwykłe uprawianie fizycznej aktywności, ale także przestrzeń, w której ludzie pokonują granice swoich możliwości i osiągają niesamowite rezultaty. Niezależnie od dyscypliny, sport jest źródłem niesamowitych emocji, pasji i inspiracji dla fanów na całym świecie. W ostatnim czasie wielu sportowców zdobyło rekordy i osiągnęło niezwykłe sukcesy. Przedstawiamy kilka najważniejszych wydarzeń, które poruszyły świat sportu i zachwyciły publiczność na całym globie.</p><h2 class=\"ql-align-center\">Rekordowy skok w dal: Juan Carlos Garcia</h2><p class=\"ql-align-center\"><img src=\"https://i.imgur.com/xFxBO41.jpg\"></p><p class=\"ql-align-center\"><br></p><p>W lutym tego roku Meksykański skoczek w dal, Juan Carlos Garcia, zdobył tytuł rekordzisty świata, osiągając niesamowitą odległość 8,92 metra. Ten wynik poprawił dotychczasowy rekord o 17 centymetrów i zapewnił mu miejsce w historii lekkoatletyki. Garcia wykazał się niezwykłą techniką i determinacją, zaskakując zarówno fanów, jak i ekspertów.</p><p><br></p><h2 class=\"ql-align-center\">Mistrzostwo w boksie wagi ciężkiej: Sarah Adams</h2><p class=\"ql-align-center\"><br></p><p class=\"ql-align-center\"><img src=\"https://i.imgur.com/AsJx9Vt.jpg\"></p><p><br></p><p>Sarah Adams, utalentowana bokserka z Wielkiej Brytanii, stała się pierwszą kobietą, która zdobyła tytuł mistrzowski w wadze ciężkiej. To wydarzenie stanowi kamień milowy w historii boksu, otwierając nowe możliwości dla kobiet w tej dyscyplinie. Adams zdobyła mistrzostwo po wyczerpującym pojedynku, w którym pokonała swoją silną rywalkę, udowadniając, że kobiety mają niezwykły potencjał w sporcie.</p><p><br></p><h2 class=\"ql-align-center\">Niezwykłe osiągnięcie w maratonie: Eliud Kipchoge</h2><p class=\"ql-align-center\"><br></p><p class=\"ql-align-center\"><img src=\"https://i.imgur.com/OiB5VeT.jpg\"></p><p class=\"ql-align-center\"><br></p><p class=\"ql-align-center\">Kenijczyk Eliud Kipchoge, uznawany za jednego z najlepszych maratończyków wszech czasów, zaskoczył świat swoim ostatnim osiągnięciem. Podczas maratonu w Wiedniu, Kipchoge pobił granicę dwóch godzin, ustanawiając czas <u>1 godzina, 59 minut i 40 sekund</u>. Chociaż ten wynik nie został oficjalnie uznany jako rekord świata z powodu warunków specjalnych, to jednak stanowił niezwykły wyczyn, demonstrując niezwykłe umiejętności i wytrzymałość Kenijczyka.</p><p class=\"ql-align-center\"><br></p><h2 class=\"ql-align-center\">Zdobycie Pucharu Świata przez reprezentację Islandii w piłce ręcznej</h2><p class=\"ql-align-center\"><br></p><p class=\"ql-align-center\"><img src=\"https://i.imgur.com/qbi5LYA.jpg\"></p><p class=\"ql-align-center\"><br></p><p class=\"ql-align-center\">W świecie piłki ręcznej Islandia nie jest tradycyjnie postrzegana jako potęga, ale ich reprezentacja narodowa zaskoczyła wszystkich podczas ostatniego Pucharu Świata. Zespół Islandii wygrał turniej, pokonując w finale faworyzowaną drużynę Niemiec. Ten triumf był źródłem ogromnej radości dla mieszkańców Islandii i dowodem na to, że w sporcie niemożliwe staje się możliwe.</p><p><br></p><p>Niezależnie od dyscypliny sportowej, każde osiągnięcie i rekord stanowi inspirację dla innych. Świat sportu to miejsce, w którym ludzie dążą do pokonania własnych barier, przekraczania granic i tworzenia historii. Wielu sportowców osiągnęło wspaniałe rezultaty, które zostaną zapisane na kartach historii. Juan Carlos Garcia, Sarah Adams, Eliud Kipchoge i reprezentacja Islandii w piłce ręcznej to tylko kilka przykładów niezwykłych osiągnięć, które zainspirowały miliony ludzi na całym świecie. Niezależnie od tego, czy jesteśmy fanami sportu czy nie, możemy czerpać z tych historii siłę, determinację i wiarę we własne możliwości.</p>','sport','2024-03-20 13:23:44'),(6,'Nowy Sprinterka Podbija',1,'<h1 class=\"ql-align-center\">Świat sportu obserwuje niezwykłe osiągnięcie, gdy Jane Smith staje się najszybszą kobietą na świecie.</h1><p><br></p><p><u class=\"ql-size-large\">Jane Smith</u>, amerykańska sprinterka, wczoraj wieczorem zdumiała świat sportu, ustanawiając nowy rekord świata w biegu na 100 metrów podczas prestiżowego turnieju lekkoatletycznego. Jej fenomenalny czas, który wynosi zaledwie 9,58 sekundy, uczynił ją najszybszą kobietą w historii. Wyjątkowe osiągnięcie Jane rozgrzało publiczność, a media na całym świecie nie mogą przestać rozmawiać o jej niezwykłej wydajności.</p><p><br></p><p class=\"ql-align-center\"><img src=\"https://i.imgur.com/M9XtItH.jpg\"></p><p>Jane Smith, 25-letnia lekkoatletka z Florydy, jest już dobrze znana w świecie sprintu. Zadebiutowała na międzynarodowej arenie jako nastolatka i od tamtej pory zaskakuje swoją szybkością i determinacją. Jednak nikt nie spodziewał się, że osiągnie coś takiego jak teraz.</p><p><br></p><h2 class=\"ql-align-center\">Podczas wczorajszych zawodów, Jane weszła na stadion gotowa na walkę.</h2><p> Od samego startu była zdecydowana pokazać, że jest najlepsza. Jej wybuchowa siła i niewiarygodna technika biegu zapierały dech w piersiach. Z każdym krokiem, publiczność czuła energię i moc emanujące z tej niezwykłej sportowczyni.</p><p><br></p><p>W momencie przekroczenia linii mety, tłum nie mógł uwierzyć w to, co właśnie zobaczył. Jane Smith pobiła rekord świata Usain Bolta, który wynosił 9,69 sekundy. Jej czas 9,58 sekundy stał się nowym rekordem, a cały stadion eksplodował radością. Zarówno fani sportu, jak i sami zawodnicy, byli zszokowani tym osiągnięciem.</p><p>Jane, po przekroczeniu linii mety, wyraziła ogromne zadowolenie i pokora wobec swojego sukcesu. W rozmowie z mediami powiedziała: \"To jest spełnienie moich marzeń. Przez wiele lat pracowałam ciężko, poświęcając wiele czasu i wysiłku, aby osiągnąć ten cel. Chciałabym podziękować mojej rodzinie, trenerom i wszystkim, którzy mnie wspierali. Ten rekord jest dla was wszystkich\".</p><p class=\"ql-align-center\"><img src=\"https://i.imgur.com/93H0BM3.jpg\"></p><p>Rekord Jane Smith jest nie tylko imponującym osiągnięciem indywidualnym, ale także ważnym momentem dla kobiecej lekkoatletyki. Kobiety na całym świecie udowadniają swoją siłę i zdolności sportowe, a Jane Smith stała się inspiracją dla wielu młodych dziewcząt, które marzą o osiągnięciu czegoś wielkiego w swojej dziedzinie.</p><p>Bieg na 100 metrów jest jednym z najbardziej prestiżowych wydarzeń w lekkoatletyce i rekordy świata w tej konkurencji są traktowane jako symboliczne wskaźniki postępu w dziedzinie sportu. Jane Smith, wyróżniając się swoim niezwykłym osiągnięciem, przyczyniła się do historii sportu i zostanie zapamiętana jako jedna z najwybitniejszych sprinterek wszech czasów.</p><p>Jej osiągnięcie otwiera nowe możliwości i stawia wyzwanie dla innych sportowców, aby przełamywali własne granice. Bieg na 100 metrów nigdy nie był bardziej ekscytujący i przewidywania na przyszłość są jeszcze trudniejsze.</p><p class=\"ql-align-center\"><img src=\"https://i.imgur.com/QjNBSIF.jpg\"></p><p><u>J</u><em><u>ane Smith - najszybsza kobieta na świecie</u></em> - podnosi poprzeczkę dla wszystkich, pokazując, że z determinacją, ciężką pracą i wiarą w siebie można osiągnąć rzeczy, które wydawały się niemożliwe. Jej rekordowy czas jest powodem do dumy dla niej samej, ale także dla wszystkich osób, które śledziły jej karierę. Bieg na 100 metrów nigdy więcej nie będzie taki sam.</p>','sport','2024-03-20 13:23:44'),(7,'Wzrost zainteresowania inwestycjami ekologicznymi',1,'<p class=\"ql-align-center\"><img src=\"https://i.imgur.com/oDharF4.jpg\"></p><p><em class=\"ql-size-huge\">Kraków</em>  - Inwestycje ekologiczne stają się nie tylko priorytetem w dziedzinie ochrony środowiska, ale także nowym obszarem wzrostu dla przedsiębiorstw na całym świecie. Firmy coraz częściej inwestują w zrównoważone rozwiązania, co napędza innowacje, generuje zyski i przyczynia się do rozwoju społecznego i gospodarczego. Trend ten widoczny jest zarówno w dużych korporacjach, jak i w małych i średnich przedsiębiorstwach.</p><p class=\"ql-align-center\"><img src=\"https://i.imgur.com/ieRmmqj.jpg\"></p><p>W ostatnich latach obserwujemy dynamiczny wzrost zainteresowania inwestycjami ekologicznymi. Zmieniające się przepisy i regulacje dotyczące ochrony środowiska, a także coraz większa świadomość społeczna na temat konieczności dbałości o naszą planetę, przyczyniają się do tego, że firmy inwestują w projekty związane z ekologią. Inwestycje w energię odnawialną, efektywność energetyczną, recykling czy rozwój e-mobilności stają się standardem.</p><p>Wielkie korporacje już od pewnego czasu dostrzegają potencjał rynku związanego z zrównoważonym rozwojem. Przykładem może być gigant technologiczny, który inwestuje w projekty fotowoltaiczne na dachach swoich siedzib, bądź producent samochodów, który rozwija elektryczne modele pojazdów, aby przyczynić się do redukcji emisji CO2. Firmy te wykorzystują swoje zasoby i kapitał w celu wprowadzenia na rynek nowych, ekologicznych technologii, a jednocześnie zwiększenia swojej konkurencyjności i zdobywania nowych rynków.</p><p class=\"ql-align-center\"><img src=\"https://i.imgur.com/4v4m24q.jpg\"></p><p><u>Jednak to nie tylko korporacje decydują się na inwestycje ekologiczne. </u>Małe i średnie przedsiębiorstwa również dostrzegają korzyści wynikające z przekształcenia swojej działalności w bardziej ekologiczny model. Firmy te wprowadzają innowacje, dostosowując swoje produkty i usługi do wymogów zrównoważonego rozwoju. Zmieniają się strategie marketingowe, a klienci coraz częściej preferują produkty i usługi pochodzące od firm o niskim wpływie na środowisko.</p><p>Inwestowanie w zrównoważony rozwój ma również pozytywny wpływ na społeczność lokalną. Powstaje nowe miejsca pracy, a rozwój sektora ekologicznego przyciąga inwestorów i tworzy atrakcyjne warunki dla rozwoju biznesu. Wzrost liczby firm działających w tej branży wpływa na podniesienie jakości życia i przyczynia się do osiągnięcia celów zrównoważonego rozwoju.</p><p class=\"ql-align-center\"><img src=\"https://i.imgur.com/GHOl2VY.jpg\"></p><h2>Rynek biznesowy odgrywa kluczową rolę w walce ze zmianami klimatycznymi i ochroną środowiska.</h2><p><br></p><p><br></p><p> Inwestycje ekologiczne nie tylko przyczyniają się do rozwoju gospodarczego, ale także mają pozytywny wpływ na planetę i społeczność. Firmy, które inwestują w zrównoważone rozwiązania, zyskują przewagę konkurencyjną, zwiększają swoją wiarygodność w oczach klientów i partnerów biznesowych, a także przyczyniają się do tworzenia lepszej przyszłości dla nas wszystkich.</p><p><br></p><h2>Przyszłość biznesu </h2><p><br></p><p><br></p><p>Należy do przedsiębiorstw, które są świadome potrzeby zrównoważonego rozwoju i podejmują odpowiednie kroki w tym kierunku. Inwestycje ekologiczne stają się nie tylko wymogiem, ale również okazją do wzrostu i sukcesu. Dlatego warto inwestować w ekologię już teraz, aby przyczynić się do stworzenia bardziej zrównoważonej i prosperującej gospodarki dla naszych przyszłych pokoleń.</p>','business','2024-03-20 13:23:44'),(8,'Innowacje technologiczne rewolucjonizują świat biznesu',1,'<p class=\"ql-align-center\"><span class=\"ql-size-large\">W erze</span>dynamicznych zmian i postępującej cyfryzacji, technologia odgrywa kluczową rolę w przekształcaniu świata biznesu. Innowacje technologiczne wywracają tradycyjne modele działalności, wpływając na różne sektory gospodarki. Przesunięcie w kierunku cyfrowej transformacji stwarza nowe możliwości dla przedsiębiorstw i otwiera drzwi do nieznanych wcześniej obszarów rozwoju. W tym artykule przyjrzymy się, jak technologia kształtuje przyszłość biznesu i jakie korzyści niesie dla przedsiębiorców.</p><p><br></p><h2 class=\"ql-align-center\">Automatyzacja i sztuczna inteligencja</h2><p><img src=\"https://i.imgur.com/VO29I1D.jpg\"></p><p>Automatyzacja i sztuczna inteligencja (AI) odgrywają kluczową rolę w rewolucji biznesowej. Procesy automatyzacyjne usprawniają produkcję, zwiększają efektywność i redukują koszty. Przykładowo, robotyka i automatyka umożliwiają wykonywanie powtarzalnych zadań w sposób szybszy i dokładniejszy niż człowiek. Firmy mogą skupić się na bardziej wartościowych zadaniach, które wymagają kreatywności i umiejętności analitycznych.</p><p><br></p><p>Sztuczna inteligencja, z kolei, umożliwia analizę ogromnych zbiorów danych w czasie rzeczywistym, co pozwala na podejmowanie lepszych decyzji biznesowych. Algorytmy AI są wykorzystywane w dziedzinach takich jak personalizacja marketingu, optymalizacja łańcucha dostaw, prognozowanie popytu i rozpoznawanie wzorców konsumenckich. Dzięki temu przedsiębiorstwa mają możliwość lepszego zrozumienia swoich klientów i dostosowania się do ich potrzeb.</p><p><br></p><h2 class=\"ql-align-center\">E-commerce i nowe modele biznesowe</h2><p><br></p><p><img src=\"https://i.imgur.com/MqXrkFf.jpg\">Rozwój technologii spowodował również znaczący wzrost e-commerce. Internetowy handel stał się powszechnym sposobem dokonywania zakupów, a konsumenci oczekują wygody, szybkości i personalizacji. Firmy muszą dostosować się do tych zmian, oferując atrakcyjne platformy e-commerce, szybką dostawę i personalizowane doświadczenia zakupowe.</p><p><br></p><p>Nowe modele biznesowe, takie jak subskrypcje, platformy współpracy, gospodarka dzielenia się i handel elektroniczny między firmami, odgrywają również coraz większą rolę. Przedsiębiorstwa wykorzystują technologię, aby dostarczać swoje produkty i usługi w innowacyjny sposób, co prowadzi do zwiększenia konkurencyjności i generowania większych przychodów.</p><p><br></p><h2 class=\"ql-align-center\">Cyberbezpieczeństwo</h2><p><br></p><p><img src=\"https://i.imgur.com/MvcxXl2.jpg\">Rozwój technologiczny wiąże się również z wyzwaniami związanymi z cyberbezpieczeństwem. Wraz z rosnącą liczbą danych przechowywanych w chmurze i zwiększającą się złożonością sieci komputerowych, zagrożenia związane z cyberatakami stają się bardziej realne. Przedsiębiorstwa muszą inwestować w odpowiednie zabezpieczenia i systemy, aby chronić swoje dane oraz dane klientów.</p><p><br></p><p>Równocześnie rozwój technologii przynosi również narzędzia służące do zapobiegania i wykrywania ataków. Sztuczna inteligencja i uczenie maszynowe są wykorzystywane do analizy zachowań sieciowych i identyfikowania potencjalnych zagrożeń. Firmy muszą być stale na bieżąco z najnowszymi technologiami i praktykami w dziedzinie cyberbezpieczeństwa, aby utrzymać wysoki poziom ochrony.</p><p><img src=\"https://i.imgur.com/asvTHpY.jpg\"></p><p>Technologia ma ogromny wpływ na biznes i przyczynia się do transformacji wielu sektorów gospodarki. Automatyzacja, sztuczna inteligencja, e-commerce i cyberbezpieczeństwo to tylko niektóre z obszarów, w których innowacje technologiczne odgrywają kluczową rolę. Firmy, które potrafią wykorzystać te technologie, mają większe szanse na sukces i rozwój w przyszłości. Jednocześnie ważne jest, aby zdawać sobie sprawę z wyzwań związanych z cyberbezpieczeństwem i inwestować w odpowiednie zabezpieczenia. Przedsiębiorstwa, które będą w stanie dostosować się do szybko zmieniającego się świata technologicznego, będą miały przewagę konkurencyjną i będą w stanie osiągnąć długotrwały sukces.</p>','business','2024-03-20 13:23:44'),(9,'Ożywienie gospodarki przynosi nowe perspektywy dla biznesu',1,'<h1 class=\"ql-align-center\">Kwiecień 2024 przyniósł oznaki ożywienia gospodarki na całym świecie. </h1><p>Po długim okresie niepewności spowodowanym pandemią COVID-19, firmy zaczynają odczuwać poprawę sytuacji i zyskiwać nowe perspektywy dla swojego rozwoju. W tym artykule przyjrzymy się niektórym kluczowym trendom i wydarzeniom w świecie biznesu, które miały miejsce w kwietniu 2024 i wpływają na ożywienie gospodarcze.</p><p class=\"ql-align-center\"><br></p><h2 class=\"ql-align-center\"><span style=\"color: var(--tw-prose-bold);\">Wzrost inwestycji i rozwój sektora technologicznego</span></h2><p><img src=\"https://i.imgur.com/SI4LAAW.jpg\">Kwiecień 2024 był zdecydowanie korzystny dla sektora technologicznego. Firmy związane z technologią odnotowały wzrost inwestycji, co przyczyniło się do ich rozwoju i innowacji. Wiele startupów zyskało zaufanie inwestorów, a ich wartość rynkowa znacząco wzrosła. Sektor technologiczny wciąż pozostaje jednym z najbardziej dynamicznych i obiecujących sektorów, a w miarę ożywienia gospodarki, możemy się spodziewać jeszcze większego postępu i przyspieszenia innowacji.</p><p class=\"ql-align-center\"><br></p><h2 class=\"ql-align-center\"><span style=\"color: var(--tw-prose-bold);\">E-commerce - niezmiennie rosnący trend</span></h2><p class=\"ql-align-center\"><br></p><p class=\"ql-align-center\"><br></p><p><img src=\"https://i.imgur.com/LAItfIP.png\">Kontynuacja trendu wzrostu handlu elektronicznego była widoczna również w kwietniu 2024. Wzrost popularności zakupów online był nieunikniony w czasie pandemii, ale widać, że ten trend utrzymuje się i po jej zakończeniu. Firmy handlowe, zarówno duże korporacje, jak i małe i średnie przedsiębiorstwa, zwiększyły swoje inwestycje w platformy e-commerce, aby sprostać rosnącemu popytowi klientów. Kwiecień przyniósł kolejne rekordowe wyniki sprzedaży online, co tylko potwierdza, że handel elektroniczny jest tutaj, aby zostać.</p><p><span style=\"color: var(--tw-prose-bold);\">Zielone inwestycje - dbałość o środowisko na pierwszym miejscu</span></p><p>Coraz większe zainteresowanie ekologią i zrównoważonym rozwojem przekłada się na rozwój zielonych inwestycji. W kwietniu 2024 odnotowano wzrost inwestycji w sektorze energetyki odnawialnej, elektromobilności, a także w firmach dążących do zmniejszenia swojego śladu węglowego. Firmy coraz częściej podejmują działania mające na celu osiągnięcie celów zrównoważonego rozwoju i nie tylko przynoszą zyski, ale także przyczyniają się do ochrony środowiska.</p><p class=\"ql-align-center\"><br></p><h2 class=\"ql-align-center\"><span style=\"color: var(--tw-prose-bold);\">Powrót sektora turystycznego</span></h2><p class=\"ql-align-center\"><br></p><p class=\"ql-align-center\"><br></p><p><img src=\"https://i.imgur.com/MMEDlLJ.jpg\">Sektor turystyczny był jednym z najbardziej dotkniętych pandemią sektorów gospodarki. Jednak w kwietniu 2024 zauważalny był powolny, ale pewny powrót turystyki. Wraz z postępującą globalną kampanią szczepień przeciwko COVID-19, ludzie zaczęli odzyskiwać pewność siebie w podróżach. Hotele, linie lotnicze, biura podróży i inne podmioty związane z turystyką zaczynają odczuwać poprawę i dostrzegać wzrost liczby rezerwacji. Oczywiście, sektor turystyczny nadal staje przed wyzwaniami związanymi z ochroną zdrowia i bezpieczeństwem podróżnych, ale ożywienie w tym sektorze daje nadzieję na powrót do normalności.</p><p><br></p><h2><span style=\"color: var(--tw-prose-bold);\">Podsumowanie</span></h2><p>Kwiecień 2024 przyniósł wiele pozytywnych sygnałów dla biznesu na całym świecie. Ożywienie gospodarcze daje nowe perspektywy rozwoju, zarówno dla dużych korporacji, jak i dla małych przedsiębiorstw. Sektory technologiczny, handel elektroniczny, zielone inwestycje i turystyka są niektórymi z obszarów, które odnotowały pozytywne trendy. Mimo że nadal istnieją pewne wyzwania i niepewność, optymistyczne widoki na przyszłość napawają nadzieją na odbudowę gospodarczą i wzrost globalnej działalności biznesowej.</p>','business','2024-03-20 13:23:44'),(10,'Przemysł technologiczny stymuluje wzrost gospodarczy i innowacje',1,'<p><span class=\"ql-size-large\">W dzisiejszych</span>czasach przemysł technologiczny odgrywa kluczową rolę w globalnej gospodarce, generując ogromne możliwości dla rozwoju biznesu i wpływając na innowacje w różnych sektorach. Dynamiczny rozwój technologii komunikacyjnych, sztucznej inteligencji, robotyki i innych dziedzin technologicznych przynosi rewolucyjne zmiany w sposobie prowadzenia biznesu i przemysłu.</p><p class=\"ql-align-center\"><br></p><h2 class=\"ql-align-center\">Rozwój gospodarczy i tworzenie miejsc pracy:</h2><p class=\"ql-align-center\"><br></p><p><img src=\"https://i.imgur.com/FjFawr4.jpg\"></p><p>Przemysł technologiczny stymuluje wzrost gospodarczy poprzez tworzenie nowych miejsc pracy, zarówno w sektorze bezpośrednio związanych z technologią, jak i w innych branżach, które korzystają z technologicznych innowacji. Firmy technologiczne, takie jak giganci z Doliny Krzemowej, przyczyniają się do generowania milionów miejsc pracy na całym świecie. Ponadto, przedsiębiorstwa technologiczne często współpracują z innymi sektorami, takimi jak opieka zdrowotna, transport czy rolnictwo, wprowadzając innowacyjne rozwiązania i podnosząc wydajność.</p><p class=\"ql-align-center\"><br></p><h2 class=\"ql-align-center\"><br></h2><h2 class=\"ql-align-center\">Innowacje i konkurencyjność:</h2><p class=\"ql-align-center\"><br></p><p><img src=\"https://i.imgur.com/Du2qfjs.jpg\"></p><p>Przemysł technologiczny jest silnie związany z innowacjami. Firmy technologiczne inwestują ogromne kwoty w badania i rozwój, dążąc do opracowania nowych produktów i usług, które mogą zaspokajać rosnące potrzeby społeczeństwa. Wprowadzanie innowacyjnych technologii przekształca sposób prowadzenia biznesu, umożliwia bardziej efektywne procesy produkcyjne, dostarcza nowe możliwości marketingowe i otwiera drzwi do globalnych rynków. Konkurencja w dziedzinie technologii stymuluje przedsiębiorstwa do ciągłego doskonalenia i tworzenia lepszych produktów, co przynosi korzyści konsumentom.</p><p class=\"ql-align-center\"><br></p><h2 class=\"ql-align-center\">Nowe modele biznesowe:</h2><p><br></p><p><img src=\"https://i.imgur.com/eOKPtrp.jpg\"></p><p>Przemysł technologiczny wywołuje również powstanie nowych modeli biznesowych. Innowacyjne firmy często koncentrują się na tworzeniu platform i usług cyfrowych, które oferują alternatywę dla tradycyjnych branż. Na przykład, model biznesowy oparty na udostępnianiu (sharing economy) pozwala ludziom dzielić się zasobami, takimi jak samochody (Uber) czy mieszkania (Airbnb), generując przy tym dochody i wykorzystując nieużywane wcześniej zasoby.</p><p class=\"ql-align-center\"><br></p><h2 class=\"ql-align-center\">Wyzwania:</h2><p><br></p><p><img src=\"https://i.imgur.com/KTsCadB.png\"></p><p>Choć przemysł technologiczny przynosi wiele korzyści, nie można zapominać o pewnych wyzwaniach, z jakimi się wiąże. Pierwszym z nich jest problem bezpieczeństwa danych i prywatności, ponieważ rozwijające się technologie niosą ze sobą ryzyko naruszeń prywatności i kradzieży danych. Ponadto, niektóre technologie mogą prowadzić do utraty miejsc pracy, gdy automatyzacja zastępuje pracę człowieka.</p><p><br></p><h2>Podsumowanie:</h2><p><br></p><p><br></p><p>Przemysł technologiczny jest kluczowym czynnikiem stymulującym wzrost gospodarczy i innowacje. Dzięki wprowadzaniu nowych technologii i modeli biznesowych, sektor ten generuje miejsca pracy, przyczynia się do rozwoju gospodarczego i podnosi konkurencyjność. Jednocześnie należy pamiętać o wyzwaniach związanych z bezpieczeństwem danych i utratą miejsc pracy. Warto kontynuować inwestycje w badania i rozwój oraz wspierać rozwój przedsiębiorczości technologicznej, aby zapewnić dalszy postęp i korzyści dla społeczeństwa.</p>','business','2024-03-20 13:23:44'),(11,'Google wciąż na czele',1,'<p><span class=\"ql-size-large\">Google</span>amerykańska firma technologiczna, od lat pozostaje jednym z najbardziej wpływowych graczy na rynku biznesowym. Dzięki swoim innowacyjnym produktom i usługom, Google stale rozwija swoje imperium, przyciągając zarówno małe, jak i duże przedsiębiorstwa. W niniejszym artykule przyjrzymy się dominacji Google na rynku biznesowym i omówimy niektóre z kluczowych czynników przyczyniających się do tego sukcesu.</p><h2>Wyszukiwarka Google:</h2><p><br></p><p><br></p><p><img src=\"https://i.imgur.com/4LvXJB3.png\"></p><p>Nie można mówić o wpływie Google na biznes, nie wspominając o swojej flagowej usłudze - wyszukiwarce. Wyszukiwarka Google jest pierwszym punktem kontaktu dla wielu klientów, którzy poszukują informacji o produktach i usługach. Dlatego przedsiębiorstwa muszą skutecznie wykorzystywać narzędzia SEO (Search Engine Optimization), aby zapewnić widoczność swojej marki w wynikach wyszukiwania Google.</p><h2>Google Ads:</h2><p><br></p><p><img src=\"https://i.imgur.com/lxB3JmZ.png\"></p><p>Google Ads to platforma reklamowa, która umożliwia firmom docieranie do swojej grupy docelowej na podstawie określonych słów kluczowych i innych czynników demograficznych. Dzięki temu narzędziu przedsiębiorcy mogą promować swoje produkty i usługi na pierwszej stronie wyników wyszukiwania Google, co przyczynia się do zwiększenia widoczności i generowania ruchu na stronie internetowej.</p><h2>G Suite (obecnie Google Workspace):</h2><p><br></p><p><img src=\"https://i.imgur.com/UO54NzO.jpg\"></p><p>Google Workspace, dawniej znane jako G Suite, to pakiet narzędzi dla firm, który obejmuje m.in. Gmail, Kalendarz, Dysk Google i Dokumenty Google. Ten zestaw narzędzi ułatwia efektywną komunikację, zarządzanie projektami i udostępnianie dokumentów wewnątrz organizacji. Wielu przedsiębiorców korzysta z Google Workspace jako integralnej części swojej infrastruktury IT.</p><h2>Google Analytics:</h2><p><br></p><p><img src=\"https://i.imgur.com/TQXWEfp.png\"></p><p>Google Analytics to narzędzie analityczne, które dostarcza przedsiębiorstwom szczegółowe dane na temat ruchu na stronie internetowej, zachowań użytkowników i konwersji. To niezwykle ważne narzędzie dla firm, które chcą śledzić skuteczność swoich kampanii marketingowych i dokonywać odpowiednich dostosowań, aby zwiększyć efektywność swoich działań.</p><h2>Google Cloud:</h2><p><br></p><p><img src=\"https://i.imgur.com/CTdhPaH.jpg\"></p><p>Google Cloud to platforma chmurowa, która oferuje szeroką gamę usług dla firm, takich jak przechowywanie danych, obliczenia w chmurze, analiza danych, sztuczna inteligencja i wiele innych. Wiele organizacji decyduje się przenieść swoje zasoby do chmury Google, aby zwiększyć wydajność, elastyczność i skalowalność swoich operacji.</p><p><br></p><p>Google pozostaje niekwestionowanym liderem na rynku biznesowym dzięki swojej innowacyjności i rozbudowanej gamie produktów i usług. Od wyszukiwarki Google po Google Ads, Google Workspace, Google Analytics i Google Cloud, przedsiębiorcy mają dostęp do narzędzi, które pomagają im osiągać sukces w dzisiejszym konkurencyjnym środowisku biznesowym. Sukces Google na rynku biznesowym wynika również z nieustannego dążenia do doskonalenia swoich rozwiązań i adaptacji do zmieniających się potrzeb klientów. W związku z tym nie ma wątpliwości, że Google nadal będzie miało ogromny wpływ na przyszłość biznesu i innowacji technologicznych.</p>','business','2024-03-20 13:23:44'),(12,'Wpływ Sztucznej Inteligencji na Świat Biznesu',1,'<p><span class=\"ql-size-large\">W ostatniej</span>dekadzie sztuczna inteligencja (SI) stała się jednym z najbardziej dynamicznie rozwijających się obszarów technologicznych. Jej wpływ na różne sektory gospodarki jest nie do przecenienia, a dziedzina biznesu nie jest wyjątkiem. Przedsiębiorstwa na całym świecie coraz częściej wykorzystują sztuczną inteligencję, aby optymalizować swoje procesy, zwiększyć efektywność i zdobyć przewagę konkurencyjną. W tym artykule przyjrzymy się wpływowi SI na świat biznesu, nowym perspektywom i wyzwaniom, które niesie ze sobą ten dynamicznie rozwijający się obszar.</p><p class=\"ql-align-center\"><br></p><h2 class=\"ql-align-center\">Automatyzacja procesów:</h2><p><br></p><p><img src=\"https://i.imgur.com/ZPlpupt.jpg\"></p><p>Jednym z najbardziej widocznych wpływów SI na biznes jest możliwość automatyzacji procesów. Dzięki algorytmom SI, przedsiębiorstwa mogą zautomatyzować rutynowe zadania, takie jak przetwarzanie danych, analiza statystyczna czy zarządzanie zasobami ludzkimi. To pozwala na znaczne usprawnienie operacji, oszczędność czasu i zasobów, a także minimalizację błędów ludzkich. Automatyzacja procesów za pomocą SI ma zastosowanie w wielu branżach, od produkcji i logistyki po obszar usługowy.</p><p class=\"ql-align-center\"><br></p><h2 class=\"ql-align-center\">Personalizacja i analiza danych:</h2><p class=\"ql-align-center\"><br></p><p><img src=\"https://i.imgur.com/3WVDPbC.png\"></p><p>Sztuczna inteligencja umożliwia przedsiębiorstwom analizę dużych ilości danych w celu wydobycia wartościowych informacji. Dzięki algorytmom uczenia maszynowego i głębokim sieciom neuronowym, SI może analizować wzorce, preferencje i zachowania klientów. To pozwala firmom na dostosowanie oferty do indywidualnych potrzeb klientów, personalizację komunikacji i tworzenie bardziej skutecznych strategii marketingowych. Analiza danych za pomocą SI może również pomóc w przewidywaniu trendów rynkowych, optymalizacji procesów biznesowych i podejmowaniu lepszych decyzji.</p><p class=\"ql-align-center\"><br></p><h2 class=\"ql-align-center\">Obszar wsparcia klienta:</h2><p class=\"ql-align-center\"><br></p><p><img src=\"https://i.imgur.com/77Fc3vF.jpg\"></p><p>Sztuczna inteligencja odgrywa coraz większą rolę w obszarze wsparcia klienta. Chatboty, czyli programy komputerowe działające na zasadzie sztucznej inteligencji, są w stanie udzielać odpowiedzi na pytania klientów w czasie rzeczywistym i rozwiązywać proste problemy. Dzięki rozwojowi technologii przetwarzania języka naturalnego, chatboty stają się coraz bardziej zaawansowane i potrafią obsługiwać bardziej skomplikowane zapytania. To umożliwia przedsiębiorstwom zapewnienie szybkiego i skutecznego wsparcia klientom, bez konieczności angażowania ludzkich zasobów na każdym etapie komunikacji.</p><p class=\"ql-align-center\"><br></p><h2 class=\"ql-align-center\">Prognozowanie i optymalizacja:</h2><p class=\"ql-align-center\"><br></p><p><img src=\"https://i.imgur.com/mFArFuH.jpg\"></p><p>SI jest nieocenionym narzędziem w prognozowaniu i optymalizacji. Dzięki algorytmom uczenia maszynowego, może analizować historyczne dane biznesowe i dokonywać przewidywań dotyczących przyszłych wyników finansowych, trendów sprzedażowych czy kosztów. Ta zdolność do prognozowania pozwala przedsiębiorstwom podejmować lepsze decyzje strategiczne i planować swoje działania na podstawie danych. Ponadto, SI może pomóc w optymalizacji procesów biznesowych, zarządzaniu łańcuchem dostaw, planowaniu produkcji i wielu innych obszarach, aby osiągnąć maksymalną efektywność i minimalizować koszty.</p><p><br></p><p>Sztuczna inteligencja ma ogromny wpływ na świat biznesu, przynosząc nowe perspektywy i wyzwania. Automatyzacja procesów, personalizacja i analiza danych, wsparcie klienta oraz prognozowanie i optymalizacja to tylko niektóre obszary, w których SI odgrywa kluczową rolę. Przedsiębiorstwa, które umiejętnie wykorzystują SI, mają szansę zwiększyć swoją konkurencyjność, poprawić efektywność i tworzyć bardziej skuteczne strategie. Jednak wraz z postępem SI pojawiają się również wyzwania związane z prywatnością danych, etyką i odpowiedzialnością. Ważne jest, aby znaleźć właściwy balans między wykorzystaniem SI a przestrzeganiem zasad etycznych i społecznych.</p>','business','2024-03-20 13:23:44'),(13,'Nowe wyzwania dla polityki',1,'<p><span class=\"ql-size-large\">W dzisiejszych czasach</span> polityka odgrywa kluczową rolę w naszym społeczeństwie. Decyzje podejmowane przez polityków mają wpływ na różne aspekty naszego życia, takie jak gospodarka, edukacja, zdrowie, środowisko i wiele innych. Zrozumienie aktualnych wydarzeń politycznych jest niezwykle istotne dla każdego obywatela, ponieważ pozwala nam lepiej zrozumieć, jakie zmiany i wyzwania stoją przed nami. W tym artykule przyjrzymy się kilku kluczowym wydarzeniom politycznym, które mają znaczący wpływ na kategorię polityki.</p><p><br></p><h2><span style=\"color: var(--tw-prose-bold);\">1. Zmiany geopolityczne i nowe sojusze</span></h2><p><br></p><p><br></p><p>Obecnie obserwujemy dynamiczne zmiany w światowej geopolityce, które mają wpływ na układ sił międzynarodowych. Wydarzenia takie jak konflikty terytorialne, zmiany polityczne czy negocjacje handlowe wpływają na kształtowanie nowych sojuszy i relacji między państwami. Na przykład, ostatnie rozmowy dotyczące handlu między Chinami a Stanami Zjednoczonymi, a także napięcia na Bliskim Wschodzie, mają istotne konsekwencje dla światowej polityki.</p><h2><span style=\"color: var(--tw-prose-bold);\">2. Kwestie migracyjne i uchodźcy</span></h2><p><br></p><p><br></p><p><img src=\"https://i.imgur.com/0pqxUHC.jpg\">Problematyka migracji i uchodźstwa jest nadal jednym z najważniejszych wyzwań politycznych na świecie. Politycy muszą radzić sobie z zagadnieniami dotyczącymi przyjmowania, integracji i ochrony uchodźców. Wiele krajów staje przed trudnym wyborem dotyczącym polityki imigracyjnej i balansowaniem pomiędzy humanitarnymi wartościami a bezpieczeństwem narodowym.</p><h2><span style=\"color: var(--tw-prose-bold);\">3. Walka z zmianami klimatycznymi</span></h2><p><br></p><p><br></p><p><img src=\"https://i.imgur.com/ZLGtHTe.png\">Zmiany klimatyczne są jednym z najpilniejszych problemów, przed którymi stoimy. W ostatnich latach wzrosło zainteresowanie polityką klimatyczną, a wielu polityków i rządów podejmuje działania mające na celu ograniczenie emisji gazów cieplarnianych i ochronę środowiska. Porozumienia międzynarodowe, takie jak porozumienie paryskie, odgrywają kluczową rolę w koordynowaniu globalnych wysiłków mających na celu walkę ze zmianami klimatycznymi.</p><h2><span style=\"color: var(--tw-prose-bold);\">4. Technologia i polityka</span></h2><p><br></p><p><br></p><p><img src=\"https://i.imgur.com/W2hkOl6.png\">Rozwój technologiczny ma ogromny wpływ na politykę. Kwestie związane z prywatnością, cyberbezpieczeństwem, sztuczną inteligencją i regulacją mediów społecznościowych stają się coraz ważniejsze. Politycy muszą dostosować się do szybko zmieniającej się technologii i tworzyć odpowiednie regulacje, aby chronić interesy obywateli i zapewnić zrównoważony rozwój technologiczny.</p><p><br></p><p>Świat polityki stale się zmienia, stawiając przed politykami nowe wyzwania. Globalne zmiany geopolityczne, kwestie migracyjne, zmiany klimatyczne oraz rozwój technologiczny to tylko kilka z wielu ważnych tematów, które obecnie wpływają na politykę. Obywatele powinni być świadomi tych wydarzeń i angażować się w dyskusje polityczne, aby mieć wpływ na decyzje podejmowane przez polityków.</p>','politics','2024-03-20 13:23:44'),(14,'Rewolucja w polskiej polityce czy zagrożenie dla demokracji?',1,'<p><img src=\"https://i.imgur.com/baYvxAa.jpg\"></p><p>W ostatnich dniach polska scena polityczna została wstrząśnięta zapowiedzią wprowadzenia nowych przepisów, które miałyby na celu wprowadzenie tzw. \"Lex Tuska\". Projekt ten, zgłoszony przez Platformę Obywatelską, budzi kontrowersje i wzbudza wiele emocji wśród obywateli.</p><p>Lex Tusk, nazwany na cześć byłego premiera Donalda Tuska, ma na celu wprowadzenie szeregu zmian w polskim systemie politycznym. Głównymi postanowieniami projektu są wprowadzenie ograniczeń dla posłów i senatorów w sprawowaniu funkcji w zarządach spółek Skarbu Państwa oraz zaostrzenie kar dla polityków skazanych prawomocnym wyrokiem.</p><p><img src=\"https://i.imgur.com/JdOTYWe.jpg\"></p><p>Jednym z najważniejszych punktów Lex Tuska jest zakaz zajmowania stanowisk w zarządach spółek Skarbu Państwa przez posłów i senatorów. Projekt zakłada, że osoby pełniące funkcje publiczne nie powinny jednocześnie zajmować stanowisk w biznesie, co ma zapobiec konfliktom interesów oraz korupcji. Przeciwnicy Lex Tuska argumentują jednak, że jest to forma ograniczania swobody zawodowej polityków i wskazują na konieczność kompetencji zawodowych w zarządzaniu.</p><p>Kolejnym ważnym elementem projektu jest zaostrzenie kar dla polityków skazanych prawomocnym wyrokiem. Lex Tusk proponuje, aby osoby piastujące funkcje publiczne, które zostaną skazane za przestępstwa korupcyjne lub inne czyny przeciwko interesom publicznym, traciły prawo do pełnienia funkcji publicznych na zawsze. Zdaniem zwolenników projektu jest to działanie mające na celu oczyszczenie polskiego życia publicznego z nieuczciwych polityków, natomiast przeciwnicy Lex Tuska wskazują na możliwość nadużyć i braku możliwości rehabilitacji skazanych.</p><p><img src=\"https://i.imgur.com/FTo52uc.jpg\"></p><p>Projekt Lex Tuska spotkał się z mieszanymi reakcjami wśród ekspertów i obywateli. Wielu ludzi podkreśla konieczność walki z korupcją i konfliktami interesów w polityce, uważając, że Lex Tusk jest krokiem we właściwym kierunku. Jednak inni są zaniepokojeni, że nowe przepisy mogą być wykorzystane do politycznych manipulacji i ograniczania wolności polityków.</p><p><br></p><p>Platforma Obywatelska, która jest inicjatorem projektu, argumentuje, że Lex Tusk jest niezbędny w celu przywrócenia zaufania do polskiej polityki oraz oczyszczenia z korupcji. Według przedstawicieli partii, zmiany te są zgodne z europejskimi standardami i mają na celu wzmocnienie demokracji w Polsce.</p><p><br></p><p>Lex Tusk jest obecnie analizowany przez parlamentarną Komisję Sprawiedliwości i Praw Człowieka. Przepisy projektu wywołują duże kontrowersje i spory, zarówno wśród posłów, jak i w społeczeństwie. Decyzja w sprawie Lex Tuska może mieć istotny wpływ na przyszłość polskiej polityki i relacje między politykami a biznesem.</p><p>Czy Lex Tusk przyczyni się do większej przejrzystości i uczciwości w polskiej polityce? Czy wprowadzenie takich ograniczeń jest konieczne, czy może stanowić zagrożenie dla demokracji i wolności polityków? To pytania, na które odpowiedzi poszukują zarówno zwolennicy, jak i przeciwnicy Lex Tuska.</p><p>Niezależnie od rezultatu, jedno jest pewne - debata wokół Lex Tuska pozostanie jednym z głównych tematów politycznych w Polsce w najbliższym czasie.</p>','politics','2024-03-20 13:23:44'),(15,'Donald Trump ogłasza swoją decyzję o powrocie do polityki',1,'<p><img src=\"https://i.imgur.com/uSr85VZ.jpg\"></p><p><span class=\"ql-size-large\">Washington - Donald Trump</span>były prezydent Stanów Zjednoczonych, wzbudził ogromne zainteresowanie i spekulacje na całym świecie, ogłaszając swoją decyzję o powrocie do polityki. Po długim okresie ciszy od czasu zakończenia swojej kadencji, Trump znowu staje się istotnym graczem w amerykańskim krajobrazie politycznym.</p><p>Decyzja Trumpa została ogłoszona podczas wiecu w Washington, gdzie zgromadzeni zwolennicy byli świadkami momentu, który wielu określiło jako \"powrót do walki\". Były prezydent podczas swojego wystąpienia nie szczędził mocnych słów pod adresem swoich przeciwników i mediów, które jego zdaniem prowadziły niesprawiedliwą kampanię przeciwko niemu.</p><p><img src=\"https://i.imgur.com/U9YgzAj.jpg\"></p><p>\"Wracam do polityki, ponieważ widzę, jak moje kraje cierpią pod nieudolnym przywództwem\", oświadczył Trump, wywołując skandowanie i owacje ze strony tłumu. \"Będę walczyć o wasze prawa, o waszą wolność i o nasze wielkie wartości. Nadszedł czas na odrodzenie Ameryki!\"</p><p><img src=\"https://i.imgur.com/V2vfq9Q.jpg\"></p><p>Decyzja Trumpa wywołała mieszane reakcje na całym spektrum politycznym. Jego zwolennicy są podekscytowani i wierzą, że jest on jedyną nadzieją na przywrócenie \"wielkości\" Ameryki. Z drugiej strony, jego przeciwnicy obawiają się, że powrót Trumpa do polityki może podzielić jeszcze bardziej już i tak podzielone społeczeństwo amerykańskie.</p><p>Niejasne pozostają również plany Trumpa na przyszłość. Choć nie ogłosił jeszcze swojej kandydatury w kolejnych wyborach prezydenckich, wielu komentatorów i ekspertów spekuluje, że byłby poważnym rywalem dla obecnie urzędującego prezydenta. Niektórzy twierdzą nawet, że powrót Trumpa może zmienić całą dynamikę amerykańskiej polityki i wpływać na debatę publiczną.</p><p><img src=\"https://i.imgur.com/KulvMt4.jpg\"></p><p>Jednak nie wszyscy są pewni, czy Trump jest w stanie powtórzyć swoje sukcesy z poprzednich wyborów. Jego kontrowersyjne decyzje i retoryka doprowadziły do wielu kontrowersji w przeszłości, a niektórzy obawiają się, że jego powrót może tylko pogłębić podziały w kraju.</p><p><br></p><p>Nie ulega wątpliwości, że powrót Trumpa do polityki będzie wywoływał burzliwe dyskusje i emocje. Czy zdoła on odzyskać poparcie swoich zwolenników i zdobyć nowe sympatie? Czas pokaże, jakie będą dalsze kroki byłego prezydenta i jak wpłynie on na przyszłość amerykańskiej polityki.</p>','politics','2024-03-20 13:23:44'),(16,'Nowy lek może rewolucjonizować leczenie raka',1,'<p><strong>Wspaniałe wiadomości</strong> płyną z frontu badań naukowych w dziedzinie onkologii. Zespół naukowców z renomowanego instytutu medycznego ogłosił odkrycie przełomowego leku, który może zmienić oblicze terapii nowotworowej. Jeśli badania kliniczne potwierdzą skuteczność tego nowego preparatu, będziemy mieć do czynienia z rewolucją w leczeniu raka.</p><p><img src=\"https://cdn.cancercenter.com/-/media/ctca/images/others/blogs/2018/02-february/07-blog-cancer-cells-l.jpg\" alt=\"How does cancer do that? Sizing up cells and their shapes\"></p><p>Lek, nazwany <em>TRX-247</em>, został opracowany przez zespół pod kierownictwem dr. Emily Collins, światowej sławy onkologa. TRX-247 działa na poziomie molekularnym, blokując procesy niekontrolowanego podziału komórek nowotworowych. Co więcej, lek ma potencjał do wykazywania selektywności wobec komórek nowotworowych, minimalizując przy tym działania niepożądane dla zdrowych tkanek.</p><p>Podczas badań przedklinicznych na modelach zwierzęcych TRX-247 wykazał nadzwyczajne rezultaty. Komórki nowotworowe były zahamowane w swoim wzroście, a niektóre nawet zaczęły się regenerować i przejść w stan zdrowych komórek. To odkrycie jest niezwykle obiecujące, ponieważ otwiera nowe możliwości leczenia raka, które wcześniej były nieosiągalne.</p><p><img src=\"https://i.imgur.com/jbA6wXz.jpg\"></p><p>Dr. Collins wyjaśnia, że TRX-247 wykorzystuje innowacyjne podejście oparte na genetycznych markerach komórek nowotworowych. Dzięki temu lek jest w stanie precyzyjnie rozpoznać i zaatakować tylko komórki nowotworowe, pozostawiając zdrowe komórki nietknięte. To znacznie zmniejsza ryzyko działań niepożądanych i negatywnych skutków ubocznych związanych z tradycyjnymi terapiami.</p><p>Zespół naukowców planuje przeprowadzić badania kliniczne na ludziach w najbliższych miesiącach. Jeśli wyniki będą równie obiecujące jak w przypadku badań przedklinicznych, lek TRX-247 może zostać zatwierdzony przez agencje regulacyjne jako nowa metoda leczenia raka.</p><p><img src=\"https://i.imgur.com/djl3fZc.png\"></p><p>Światowa społeczność naukowa entuzjastycznie przyjęła te nowe doniesienia. Lek TRX-247 może zmienić oblicze walki z rakiem, dając nadzieję pacjentom na skuteczniejsze i bardziej zindywidualizowane terapie. To odkrycie jest również dowodem na siłę nauki i jej zdolność do tworzenia rozwiązań, które mają potencjał zmieniać życie ludzi.</p><p>Wielu ekspertów uważa, że odkrycie TRX-247 może być jednym z najważniejszych kroków naprzód w dziedzinie onkologii od dziesięcioleci. Oczekuje się, że jeśli badania kliniczne zakończą się sukcesem, lek może zostać wprowadzony na rynek w ciągu najbliższych pięciu lat.</p><p><br></p><p>Przyszłość walki z rakiem wydaje się być teraz bardziej obiecująca niż kiedykolwiek wcześniej. Badania naukowe nad TRX-247 stawiają nas na krawędzi przełomu w leczeniu tej potężnej choroby.</p>','science','2024-03-20 13:23:44'),(17,'Odkrywając nieznane horyzonty',1,'<p>Nauka od wieków stanowi fundament postępu cywilizacji. Dzięki nieustającemu wysiłkowi naukowców na całym świecie, odkrywane są nowe fakty, rozwijane technologie i poszerzane granice naszej wiedzy. Najnowsze badania naukowe przynoszą wiele fascynujących odkryć, które mają potencjał zmienić nasze spojrzenie na świat. Poniżej przedstawiamy kilka z najbardziej interesujących wyników badań z różnych dziedzin nauki.</p><p class=\"ql-align-center\"><br></p><h2 class=\"ql-align-center\"><span style=\"color: var(--tw-prose-bold);\">1. Kosmiczna podróż w głąb Wszechświata</span></h2><p class=\"ql-align-center\"><br></p><p><img src=\"https://i.imgur.com/7oU4SqE.jpg\"></p><p><strong>Badania astronomiczne osiągają kolejny poziom, gdy naukowcy korzystają z coraz bardziej zaawansowanych technologii i teleskopów. Ostatnio opublikowane wyniki badań sugerują, że Wszechświat może być jeszcze bardziej rozległy, niż się dotąd sądziło. Astronomowie odkryli nieznane wcześniej galaktyki oddalone od nas o miliardy lat świetlnych. To odkrycie otwiera nowe perspektywy dla naszej wiedzy o ewolucji kosmosu i możliwości istnienia życia na innych planetach.</strong></p><p class=\"ql-align-center\"><br></p><h2 class=\"ql-align-center\"><span style=\"color: var(--tw-prose-bold);\">2. Nowe metody leczenia chorób neurodegeneracyjnych</span></h2><p class=\"ql-align-center\"><br></p><p><img src=\"https://i.imgur.com/T3yRFgM.jpg\"></p><p><strong>Walka z chorobami neurodegeneracyjnymi, takimi jak choroba Alzheimera czy stwardnienie zanikowe boczne, zyskuje na sile dzięki nowym badaniom naukowym. Naukowcy skupiają się na zrozumieniu mechanizmów tych chorób i poszukują nowych metod leczenia. Obiecujące wyniki badań wskazują na potencjał terapii genowych, stosowania komórek macierzystych oraz innowacyjnych leków, które mogą opóźnić postęp chorób neurodegeneracyjnych i poprawić jakość życia pacjentów.</strong></p><p class=\"ql-align-center\"><br></p><h2 class=\"ql-align-center\"><span style=\"color: var(--tw-prose-bold);\">3. Rewolucja w dziedzinie sztucznej inteligencji</span></h2><p><br></p><p><img src=\"https://i.imgur.com/4HbA0Gn.jpg\"></p><p><strong>Sztuczna inteligencja (SI) stale rozwija się, a najnowsze badania przynoszą znaczące przełomy w tej dziedzinie. Przez połączenie potężnych algorytmów uczenia maszynowego z coraz większą mocą obliczeniową komputerów, naukowcy osiągają coraz lepsze wyniki w rozpoznawaniu obrazów, przetwarzaniu języka naturalnego i automatyce. Przewiduje się, że sztuczna inteligencja będzie miała ogromny wpływ na różne dziedziny, takie jak medycyna, przemysł czy transport.</strong></p><p class=\"ql-align-center\"><br></p><h2 class=\"ql-align-center\"><span style=\"color: var(--tw-prose-bold);\">4. Rewolucja w produkcji energii</span></h2><p><br></p><p><img src=\"https://i.imgur.com/P9tNU21.jpg\"></p><p><strong>Badania naukowe przyczyniają się do transformacji sposobu wytwarzania energii. Zwiększa się rola energii odnawialnej, a naukowcy pracują nad rozwojem nowych technologii, takich jak bardziej wydajne ogniwa słoneczne, zaawansowane baterie i innowacyjne metody magazynowania energii. Te innowacje mają na celu redukcję emisji gazów cieplarnianych i walkę ze zmianami klimatycznymi.</strong></p><p class=\"ql-align-center\"><br></p><h2 class=\"ql-align-center\"><span style=\"color: var(--tw-prose-bold);\">5. Zrozumienie i ochrona środowiska naturalnego</span></h2><p><img src=\"https://i.imgur.com/7jSpwcB.jpg\"></p><p><strong>Badania naukowe odgrywają kluczową rolę w zrozumieniu środowiska naturalnego i wpływu człowieka na ekosystemy. Naukowcy analizują zmiany klimatyczne, degradację lasów, spadek różnorodności biologicznej i inne zagrożenia dla przyrody. Te badania dostarczają podstawowych informacji, które są niezbędne do podejmowania działań mających na celu ochronę środowiska naturalnego i zrównoważony rozwój.</strong></p><p><strong>Badania naukowe stanowią solidną podstawę dla postępu społeczeństwa i prowadzą do rewolucyjnych zmian w wielu dziedzinach życia. W miarę jak naukowcy kontynuują swoje badania, możemy oczekiwać kolejnych przełomów, które zmienią nasz świat i umożliwią osiągnięcie jeszcze większych sukcesów.</strong></p>','science','2024-03-20 13:23:44'),(18,'Przełomowe odkrycie w dziedzinie nauki',1,'<p><img src=\"https://i.imgur.com/50ScPYZ.jpg\"></p><p>Naukowcy na całym świecie ogłosili rewolucyjne odkrycie w dziedzinie nauki, które obiecuje przełom w badaniach genetycznych. Nowa metoda analizy genomów, opracowana przez międzynarodowy zespół badawczy, pozwala znacznie przyspieszyć i usprawnić proces badawczy, otwierając drzwi do nowych możliwości w medycynie i biologii.</p><p><br></p><p>Tradycyjna analiza genomów jest niezwykle czasochłonna i kosztowna, co ogranicza postęp w dziedzinie genetyki. Naukowcy spędzają miesiące lub nawet lata na sekwencjonowaniu, odczytywaniu i analizowaniu gigantycznych ilości danych genetycznych. Jednak nowa metoda, oparta na technologii sztucznej inteligencji i zaawansowanych algorytmach obliczeniowych, może zredukować ten czas do zaledwie kilku dni.</p><p><img src=\"https://i.imgur.com/05skGkV.jpg\"></p><p>Metoda ta opiera się na wykorzystaniu zaawansowanych technik uczenia maszynowego do automatycznego identyfikowania wzorców w genomach. Algorytmy są w stanie szybko analizować ogromne ilości danych genetycznych, wykrywać zmiany w sekwencjach DNA i identyfikować związki między genami a różnymi chorobami. To rewolucyjne narzędzie umożliwia naukowcom skrócenie czasu potrzebnego do przeprowadzenia badań genetycznych o kilka rzędów wielkości.</p><p><br></p><p>Możliwości tej nowej metody są ogromne. W medycynie otwiera ona drogę do personalizowanej terapii genetycznej, która może być dostosowana do indywidualnych potrzeb pacjenta. Może przyspieszyć diagnozowanie chorób genetycznych, co pozwoli na szybsze i skuteczniejsze leczenie. Ponadto, odkrycia z dziedziny biologii mogą pomóc w rozwinięciu nowych terapii i leków, zwiększając naszą wiedzę o różnych procesach biologicznych.</p><p>Naukowcy są niezmiernie entuzjastyczni wobec potencjału, jaki niesie ze sobą ta nowa metoda. Liczą na to, że znacznie przyspieszy ona postęp w badaniach genetycznych i pozwoli na odkrycie nowych informacji, które mogą mieć fundamentalne znaczenie dla naszego zrozumienia życia i zdrowia.</p><p><img src=\"https://i.imgur.com/pLBZyEY.jpg\"></p><p>Choć metoda ta jest jeszcze na etapie rozwoju, jej potencjał jest niezaprzeczalny. Naukowcy z całego świata zgłaszają się do udziału w projektach badawczych, aby przyczynić się do dalszego rozwoju tej innowacyjnej technologii. Celem jest w pełni wykorzystać jej możliwości i stworzyć rewolucję w dziedzinie badań genetycznych.</p><p>Wniosek jest jasny - odkrycie tej nowej metody analizy genomów otwiera nową erę w dziedzinie nauki. Jest to wielki krok naprzód w badaniach genetycznych, który może mieć olbrzymi wpływ na nasze zdrowie i życie. Wraz z postępem w tej dziedzinie, naukowcy mają nadzieję, że odkryją nowe sposoby leczenia chorób, identyfikowania ryzyka wystąpienia pewnych schorzeń i zrozumienia złożonych procesów biologicznych.</p>','science','2024-03-20 13:23:44'),(19,'Nowa seria kart graficznych obiecuje rewolucję w świecie technologii',1,'<p><img src=\"https://i.imgur.com/CiXljPq.jpg\"></p><p>Świat technologii zawsze był w dynamicznym ruchu, a jednym z kluczowych elementów, który wpływa na jakość wizualną i wydajność jest karta graficzna. Producentom zawsze zależy na doskonaleniu swoich produktów, aby zapewnić użytkownikom optymalne doświadczenie. W tym kontekście wprowadzamy najnowszą serię kart graficznych, która obiecuje rewolucję w dziedzinie technologii wizualnych.</p><h2 class=\"ql-align-center\">Wzrost wydajności:</h2><p><img src=\"https://i.imgur.com/XGNmZay.png\">Nowa seria kart graficznych oferuje wyjątkowe zwiększenie wydajności, co sprawia, że jest to jedno z najbardziej oczekiwanych wydarzeń w świecie technologicznym. Producent, którego innowacyjne rozwiązania już wcześniej zaskoczyły rynek, znowu nie zawodzi. Nowa seria kart graficznych obiecuje osiągnąć kolejne granice wydajności, dzięki zastosowaniu zaawansowanych technologii i wyjątkowo potężnych specyfikacji.</p><h2 class=\"ql-align-center\">Innowacyjne technologie:</h2><p><img src=\"https://i.imgur.com/LQfnGbN.jpg\">Kluczowym aspektem nowej serii kart graficznych jest zastosowanie innowacyjnych technologii, które wpływają na jakość obrazu, szybkość przetwarzania i doskonałą płynność działania. Jedną z najbardziej wyróżniających się funkcji jest zastosowanie nowoczesnej architektury, która pozwala na optymalne wykorzystanie zasobów i zwiększenie efektywności energetycznej. To oznacza, że użytkownicy będą mogli cieszyć się zaawansowanymi grami i innymi aplikacjami, niezależnie od ich intensywności graficznej.</p><h2 class=\"ql-align-center\">Podniesienie poprzeczki:</h2><p><img src=\"https://i.imgur.com/vA8vNMF.jpg\">Nowa seria kart graficznych nie tylko oferuje wyższą wydajność, ale także podnosi poprzeczkę dla innych producentów. Konkurencja będzie musiała nadążyć za nowymi standardami, aby utrzymać się na rynku. Oczekuje się, że nowe karty graficzne staną się pionierskimi narzędziami dla twórców treści, graczy i entuzjastów technologii, którzy poszukują najwyższej jakości wizualnej.</p><p><br></p><p>Nowa seria kart graficznych wkracza na rynek z wielkim hukiem, obiecując rewolucję w dziedzinie technologii wizualnych. Zwiększona wydajność, innowacyjne technologie i doskonała jakość obrazu to tylko niektóre z cech, które wyróżniają te nowe produkty. To ważny krok w przyszłość technologii, który podniesie poprzeczkę dla innych producentów i zapewni użytkownikom doskonałe doświadczenia wizualne. Nowa seria kart graficznych to bez wątpienia temat, na który warto zwrócić uwagę dla wszystkich pasjonatów technologii.</p>','technology','2024-03-20 13:23:44'),(20,'Przyszłość samochodów elektrycznych staje się teraźniejszością',1,'<p>Samochody elektryczne od dawna były rozważane jako jedno z najbardziej obiecujących rozwiązań w dziedzinie transportu, a dzisiaj widzimy, jak ta przyszłość staje się teraźniejszością. Rewolucja w motoryzacji nabiera tempa, gdy elektryczne pojazdy stają się popularne na drogach na całym świecie. Ze względu na swoje liczne korzyści ekologiczne, oszczędność paliwa i innowacyjne technologie, samochody elektryczne zdobywają coraz większe grono zwolenników.</p><h2>Rozwój technologii samochodów elektrycznych:</h2><p><img src=\"https://i.imgur.com/UgWj4fv.jpg\">W ostatnich latach, przemysł motoryzacyjny zainwestował ogromne środki w badania i rozwój samochodów elektrycznych. Dzięki temu obecnie mamy do dyspozycji szeroką gamę modeli elektrycznych, które spełniają różnorodne potrzeby konsumentów. Postęp w dziedzinie technologii baterii, takich jak litowo-jonowe akumulatory, pozwolił na zwiększenie zasięgu pojazdów elektrycznych oraz skrócenie czasu ładowania.</p><p>Rządowe inicjatywy na rzecz elektromobilności:</p><p>Rządy wielu krajów na całym świecie ustanawiają ambicje dotyczące elektromobilności. Wprowadzane są zachęty finansowe, takie jak ulgi podatkowe, dotacje i preferencyjne stawki za parkowanie, aby zwiększyć popularność samochodów elektrycznych. Ponadto, rozwijane są infrastruktura ładowania i sieci elektroenergetyczne, aby umożliwić użytkownikom samochodów elektrycznych łatwiejsze korzystanie z nich.</p><h2>Ekologiczne korzyści:</h2><p><img src=\"https://i.imgur.com/cQOuRbK.png\">Samochody elektryczne mają znacznie mniejszy wpływ na środowisko w porównaniu do tradycyjnych pojazdów spalinowych. Nie emitują bezpośrednio żadnych substancji szkodliwych ani CO2 podczas jazdy. Ponadto, rozwój odnawialnych źródeł energii, takich jak energia słoneczna i wiatrowa, przyczynia się do dalszego zmniejszenia emisji CO2 związanych z ładowaniem samochodów elektrycznych.</p><p>Niezawodność i oszczędność:</p><p>Samochody elektryczne charakteryzują się mniejszą liczbą ruchomych części w porównaniu do tradycyjnych silników spalinowych. Dzięki temu są mniej podatne na awarie mechaniczne, co przekłada się na mniejsze koszty serwisowe. Ponadto, ładowanie samochodu elektrycznego jest znacznie tańsze niż tankowanie tradycyjnego paliwa, co pozwala użytkownikom oszczędzać na kosztach eksploatacji pojazdu.</p><h2>Przeszkody do pokonania:</h2><p><img src=\"https://i.imgur.com/LAWB6Q7.jpg\">Mimo znacznego postępu, samochody elektryczne wciąż napotykają na pewne wyzwania. Jednym z głównych jest infrastruktura ładowania, która musi być rozwinięta, aby umożliwić łatwe i dostępne ładowanie na drogach. Ponadto, koszty samochodów elektrycznych wciąż są wyższe niż tradycyjnych samochodów spalinowych, choć spodziewane jest, że wraz z rozwojem technologii i skalą produkcji ceny będą stopniowo spadać.</p>','technology','2024-03-20 13:23:44'),(21,'Innowacyjna technologia zmienia przyszłość energetyki',1,'<p>Ostatnie lata przyniosły wiele postępów w dziedzinie technologii energetycznych. Jednakże, właśnie teraz, świat zanotował przełom, który może odmienić nasze zrozumienie i wykorzystanie energii. Naukowcy ogłosili opracowanie rewolucyjnej technologii, która potencjalnie zmieni oblicze energetyki.</p><p><img src=\"https://i.imgur.com/hDjT0le.jpg\"></p><p>Nowa technologia, nazwana Oksorporcja, pozwala na pozyskiwanie energii z zupełnie nowego źródła, które wcześniej było niewykorzystane. Dzięki temu odkryciu naukowcy mają nadzieję na znaczące zwiększenie dostępności i wydajności energetycznej.</p><p>Dotychczasowe metody pozyskiwania energii, takie jak spalanie paliw kopalnych, energię wiatru czy słoneczną, są skuteczne, ale mają swoje ograniczenia. Nowa technologia Oksorporcja zapewnia rozwiązanie tego problemu, otwierając zupełnie nowe perspektywy dla świata energetyki.</p><p>Podstawą technologii Oksorporcji jest zastosowanie nanomateriałów o niezwykłych właściwościach. Te zaawansowane materiały są zdolne do pozyskiwania energii z jednoczesnym zachowaniem jej jakości przez długi okres czasu. Naukowcy twierdzą, że technologia Oksorporcja może być zastosowana w różnych dziedzinach, takich jak przemysł, transport, a nawet domowe użytkowanie.</p><p><img src=\"https://i.imgur.com/aWkOZOq.jpg\"></p><p>Jedną z najważniejszych zalet tej nowej technologii jest jej niewielki wpływ na środowisko. W przeciwieństwie do tradycyjnych źródeł energii, które generują duże ilości dwutlenku węgla i innych szkodliwych substancji, technologia Oksorporcja jest czysta i nieemitująca substancji toksycznych.</p><p>Oczywiście, przed wdrożeniem tej technologii na szeroką skalę konieczne są dalsze badania i testy. Naukowcy są jednak optymistyczni i twierdzą, że nowa technologia Oksorporcja może zrewolucjonizować nasze społeczeństwo i przyczynić się do walki ze zmianami klimatycznymi.</p><p>Jeśli opracowanie technologii Oksorporcja zostanie z powodzeniem skomercjalizowane, możemy spodziewać się ogromnego wpływu na naszą codzienną egzystencję. Przyszłe domy, samochody, a nawet smartfony mogą być zasilane tą rewolucyjną technologią, pozwalając nam na</p>','technology','2024-03-20 13:23:44'),(22,'Nowe technologie przynoszą innowacje do sektora rolniczego',1,'<h2 class=\"ql-align-center\"><br></h2><h2 class=\"ql-align-center\">Inteligentne rolnictwo</h2><p><img src=\"https://i.imgur.com/7puqMDx.png\">Inteligentne rolnictwo to zastosowanie zaawansowanych technologii, takich jak czujniki, systemy GPS, drony i roboty, do monitorowania i optymalizacji procesów rolnych. Dzięki tym technologiom rolnicy mogą precyzyjnie zbierać dane dotyczące gleby, wilgotności, pH i innych parametrów środowiskowych, co umożliwia dostosowanie nawożenia, optymalizację podlewania i planowanie upraw. Inteligentne rolnictwo pozwala oszczędzać zasoby, redukować koszty i minimalizować wpływ na środowisko.</p><h2 class=\"ql-align-center\">Internet Rzeczy</h2><p>IoT w rolnictwie oznacza połączenie różnych urządzeń i czujników z siecią internetową w celu monitorowania i kontrolowania procesów rolnych. Czujniki mierzą parametry takie jak temperatura, wilgotność, ciśnienie i jakość gleby, a dane są przesyłane do chmury, gdzie są analizowane i udostępniane rolnikom w czasie rzeczywistym. Dzięki IoT rolnicy mogą monitorować i sterować warunkami środowiskowymi, automatyzować systemy nawadniania, kontrolować stan zdrowia roślin i zwierząt, oraz optymalizować zużycie energii.</p><h2 class=\"ql-align-center\">Sztuczna inteligencja (AI) i analiza danych</h2><p><img src=\"https://i.imgur.com/hBXvD3b.jpg\">Sztuczna inteligencja i analiza danych mają ogromny potencjał w rolnictwie. Algorytmy oparte na sztucznej inteligencji mogą analizować ogromne ilości danych, takich jak informacje o glebie, historie upraw, warunki pogodowe i inne czynniki, aby generować rekomendacje dotyczące optymalnego zarządzania gospodarstwem. Sztuczna inteligencja może również pomóc w identyfikacji szkodników, chorób roślin i prognozowaniu plonów. Dzięki temu rolnicy mogą podejmować lepiej poinformowane decyzje i zoptymalizować swoje procesy.</p><h2 class=\"ql-align-center\">Hodowla genetyczna i biotechnologia</h2><p><img src=\"https://i.imgur.com/l6VWJ0O.jpg\">Hodowla genetyczna i biotechnologia mają olbrzymi wpływ na rozwój nowych odmian roślin i zwierząt. Dzięki technikom takim jak modyfikacja genetyczna, CRISPR i selekcja genomowa, naukowcy mogą tworzyć rośliny o zwiększonej odporności na choroby, zwiększonej wydajności plonów i lepszej jakości. Biotechnologia może również przyczynić się do opracowania nowych metod produkcji żywności, takich jak żywność pochodzenia roślinnego wyprodukowana w laboratorium (in vitro), co może pomóc w zrównoważonym wykorzystaniu zasobów.</p><p><br></p>','technology','2024-03-20 13:23:44'),(23,'Rewolucje w sporcie',1,'<p>Sport od wieków przyciąga miliony fanów na całym świecie. To pasja,&nbsp;emocje i rywalizacja, które wpływają na nasze życie i jednoczą społeczności. Jednak wraz z postępem technologicznym, świat sportu także ulega rewolucji. Nowe technologie wnoszą innowacje do różnych dziedzin sportu, zmieniając zarówno samą rozgrywkę, jak i doświadczenie kibiców. W tym artykule przyjrzymy się niektórym fascynującym technologiom, które przyczyniają się do rewolucji w świecie sportu.</p><h2 class=\"ql-align-center\">Technologia wideo i analiza danych</h2><p><img src=\"https://i.imgur.com/lk6VVdP.jpg\">Technologia wideo odgrywa kluczową rolę w analizie i doskonaleniu umiejętności sportowców. Zaawansowane kamery, systemy śledzenia ruchu oraz oprogramowanie analizy danych pozwalają na szczegółową analizę techniki, taktyki i wydajności sportowców. Dzięki temu trenerzy i zawodnicy mogą identyfikować słabe punkty, doskonalić technikę, analizować taktykę rywali i podejmować lepiej poinformowane decyzje na boisku, boisku czy arenie.</p><h2 class=\"ql-align-center\">Technologia wearables</h2><p><img src=\"https://i.imgur.com/Y4Bv17j.jpg\">Urządzenia noszone (wearables), takie jak inteligentne zegarki, opaski fitness czy czujniki mierzące parametry fizjologiczne, umożliwiają sportowcom monitorowanie swojego stanu zdrowia i wydajności. Dzięki temu mogą kontrolować tętno, poziom tlenku azotu, ilość spalonych kalorii i inne parametry. Dane te są analizowane, a sportowcy otrzymują informacje zwrotne na temat swojego treningu, co pomaga w optymalizacji procesu przygotowań i unikaniu kontuzji.</p><h2 class=\"ql-align-center\">Technologia Hawk-Eye</h2><p><img src=\"https://i.imgur.com/jqc63KE.jpg\">Technologia Hawk-Eye jest szeroko stosowana w tenisie, krykiecie, futbolu i innych dyscyplinach sportowych. Wykorzystuje zaawansowane kamery i algorytmy komputerowe do precyzyjnego śledzenia trajektorii piłki. Dzięki temu sędziowie mogą dokładnie określić, czy piłka przekroczyła linię czy nie. Technologia ta eliminuje kontrowersje i pomaga w sprawiedliwym rozstrzyganiu sporów.</p><h2 class=\"ql-align-center\">Technologia wirtualnej rzeczywistości (VR) i rozszerzonej rzeczywistości (AR)</h2><p><img src=\"https://i.imgur.com/FoRaFzy.jpg\">VR i AR zmieniają sposób, w jaki doświadczamy sportu. Dzięki goglom VR możemy przenieść się na trybuny stadionu lub nawet wcielić się w rolę sportowca, doświadczając emocji związanych z grą. AR natomiast umożliwia nakładanie informacji na rzeczywisty obraz, co może być wykorzystane w celu analizy taktyki, wizualizacji statystyk i poprawy wydajności zawodników.</p><p>Podsumowanie:</p><p>Technologie rewolucjonizują świat sportu, wprowadzając innowacje i zmieniając sposób, w jaki uprawiamy i obserwujemy różne dyscypliny. Od analizy danych i technologii wideo, przez urządzenia noszone po technologie śledzenia piłki i wirtualną rzeczywistość - wszystkie te innowacje mają ogromny wpływ na doskonalenie umiejętności sportowców, zapewnianie sprawiedliwych rozstrzygnięć i dostarczanie niezapomnianych doświadczeń kibicom. Świat sportu jest na wskroś przesiąknięty technologią, która kontynuuje swoje postępy, a to tylko wierzchołek góry lodowej tego, co przyniesie przyszłość.</p>','sport','2024-03-20 13:23:44'),(24,'Zagubiony satelita NASA',1,'<p>Eksploracja kosmosu jest jednym z najbardziej fascynujących obszarów nauki i technologii. Przez dziesięciolecia agencje kosmiczne, takie jak NASA, przeprowadzały misje badawcze i wysyłały satelity w celu zbierania danych i prowadzenia badań. Jednak czasami, mimo najbardziej rygorystycznych planów i procedur, satelity mogą wypaść spod kontroli i zaplątać się w problemy techniczne lub kosmiczne zagadki. W tym artykule przyjrzymy się przypadkowi zagubionego satelity NASA, który pozostaje poza kontrolą i jak nauka próbuje sobie z tym poradzić.</p><p><img src=\"https://i.imgur.com/2F8ii6K.jpg\"></p><p>W kosmosie znajduje się wiele satelitów, które pełnią różnorodne funkcje, od obserwacji Ziemi po prowadzenie badań astronomicznych. Jednak nawet najlepiej zaprojektowane satelity mogą napotkać problemy, takie jak awarie sprzętu, zakłócenia komunikacyjne czy zmiany orbitalne. Jednym z takich przypadków jest zagubiony satelita NASA, który utracił kontrolę i nie reaguje na komendy z Ziemi.</p><p><img src=\"https://i.imgur.com/3TueMMI.jpg\"></p><p>Satelita, który obecnie jest poza kontrolą NASA, był pierwotnie częścią misji naukowej mającej na celu badanie oddziaływania promieniowania kosmicznego na elektronikę. Po umieszczeniu na orbicie satelita zaczął wykazywać nieprzewidywalne zachowanie, przerywając komunikację z Ziemią i nie reagując na wysyłane komendy. Naukowcy od początku starają się zdiagnozować i naprawić problem, jednak ich wysiłki nie przyniosły dotąd rezultatu.</p><p><br></p><p>Zagubiony satelita stawia przed naukowcami i inżynierami poważne wyzwania. Po pierwsze, konieczne jest zidentyfikowanie przyczyny awarii i znalezienie sposobu na przywrócenie kontroli nad satelitą. To wymaga dogłębnej analizy danych i diagnozy technicznej, co może być trudne, gdy satelita nie odpowiada na komendy. Po drugie, naukowcy muszą opracować strategie zarządzania sytuacją, takie jak zmiana orbity satelity, aby zapobiec ewentualnym kolizjom z innymi satelitami czy fragmentami kosmicznymi.</p><p><img src=\"https://i.imgur.com/06hH8Gt.jpg\"></p><p>Naukowcy i inżynierowie NASA wykorzystują innowacyjne metody i technologie, aby radzić sobie z tym wyzwaniem. Wykorzystują sztuczną inteligencję i algorytmy uczenia maszynowego do analizy danych satelity i identyfikacji możliwych rozwiązań. Pracują również nad opracowaniem autonomicznych systemów, które mogą pomóc w zarządzaniu sytuacją awaryjną i podejmowaniu decyzji w czasie rzeczywistym.</p><p><br></p><p>Przypadek zagubionego satelity przynosi cenne nauki dla przyszłych misji kosmicznych. Pozwala naukowcom i inżynierom lepiej zrozumieć ryzyka i wyzwania związane z prowadzeniem operacji w kosmosie. Wprowadza również potrzebę rozwoju bardziej niezawodnych systemów i procedur, które minimalizują ryzyko utraty kontroli nad satelitami.</p><p><br></p><p>Zagubiony satelita NASA to przypadek, który stanowi wyzwanie dla naukowców i inżynierów. Pokazuje, że nawet najbardziej zaawansowane technologie kosmiczne mogą napotkać trudności. Jednak nauka i technologia nieustannie dążą do rozwiązania tych problemów. Zagubiony satelita przynosi cenne nauki, które przyczyniają się do doskonalenia przyszłych misji kosmicznych i umożliwiają rozwój bardziej niezawodnych systemów i procedur. Prace nad przywróceniem kontroli nad satelitą wciąż trwają, a naukowcy mają nadzieję, że te doświadczenia przyczynią się do rozwoju bardziej odpornych i innowacyjnych technologii kosmicznych w przyszłości.</p>','science','2024-03-20 13:23:44'),(25,'Słuchawki przyszłości',1,'<p>Słuchawki od dawna stanowią integralną część naszego życia muzycznego i multimedialnego. Jednak wraz z postępem technologicznym, słuchawki także ewoluują, wprowadzając nową technologię, która rewolucjonizuje nasze doświadczenie dźwiękowe. Oto przykłady najnowszych technologii w słuchawkach, które oferują wyjątkową jakość dźwięku, zaawansowane funkcje i zwiększoną wygodę.</p><h2 class=\"ql-align-center\">Technologia redukcji hałasu</h2><p><img src=\"https://i.imgur.com/dd8ixTw.png\">Technologia redukcji hałasu, znana jako Active Noise Cancellation (ANC), to funkcja, która eliminuje dźwięki otoczenia i skupia się na dźwiękach, które chcemy usłyszeć. Dzięki zaawansowanym algorytmom i czujnikom, słuchawki są w stanie analizować dźwięki zewnętrzne i generować przeciwfazę, która neutralizuje hałas. To pozwala na bardziej immersywne doświadczenie dźwiękowe, szczególnie w środowiskach z dużym natężeniem dźwięku, takich jak podróże lotnicze czy miejski hałas.</p><h2 class=\"ql-align-center\">Technologia dźwięku przestrzennego</h2><p><img src=\"https://i.imgur.com/wL2UMPj.jpg\">Technologia dźwięku przestrzennego, znana również jako dźwięk 3D lub dźwięk wielokanałowy, pozwala na odtwarzanie dźwięku w sposób bardziej naturalny i przestrzenny. Wykorzystuje zaawansowane algorytmy i multipleksowanie kanałów dźwiękowych, aby stworzyć wrażenie dźwięku dochodzącego z różnych kierunków. Dzięki temu słuchawki mogą symulować efekt przestrzeni koncertowej lub kinowej, zapewniając bardziej realistyczne doświadczenie dźwiękowe.</p><h2 class=\"ql-align-center\">Bezprzewodowa technologia transmisji dźwięku</h2><p><img src=\"https://i.imgur.com/6JPNuNi.png\">Bezprzewodowe słuchawki są coraz bardziej popularne i oferują większą swobodę ruchu bez plątaniny kabli. Wykorzystują technologie takie jak Bluetooth czy NFC, umożliwiając bezprzewodową transmisję dźwięku z urządzenia źródłowego do słuchawek. Dzięki temu możemy słuchać muzyki, podcastów czy rozmów telefonicznych bez potrzeby podłączania kabli. Co więcej, niektóre słuchawki bezprzewodowe oferują również funkcję ładowania bezprzewodowego, eliminując konieczność korzystania z kabli do ładowania.</p><h2 class=\"ql-align-center\">Personalizacja dźwięku</h2><p>Nowa technologia w słuchawkach umożliwia personalizację dźwięku do indywidualnych preferencji użytkownika. Za pomocą zaawansowanych algorytmów i analizy dźwięku, słuchawki mogą dostosować charakterystykę dźwięku do preferencji słuchacza. To oznacza, że możemy dostosować basy, wysokie tony i inne parametry dźwięku do naszych gustów, zapewniając optymalne doświadczenie słuchowe.</p><p><br></p><p>Nowa technologia w słuchawkach przynosi rewolucję w naszym doświadczeniu dźwiękowym. Technologie takie jak redukcja hałasu, dźwięk przestrzenny, bezprzewodowa transmisja dźwięku i personalizacja dźwięku poprawiają jakość dźwięku, zapewniają większą wygodę i pozwalają na bardziej intymne i spersonalizowane doświadczenia. Słuchawki przyszłości nie tylko oferują nam doskonałą jakość dźwięku, ale także dają możliwość zanurzenia się w ulubionej muzyce, filmie czy grze w sposób, który wcześniej był niemożliwy. To ekscytujące czasy dla miłośników dźwięku, którzy mogą cieszyć się rewolucją w słuchawkach i odkrywać nowe możliwości dźwiękowych doznań.</p><p><br></p>','science','2024-03-20 13:23:44'),(26,'Blockchain i kryptowaluty',1,'<img src=\"https://i.imgur.com/QUQwuBk.jpg\"><p>Lorem ipsum dolor sit amet, consectetur adipiscing elit. Quisque ultricies feugiat nunc sed rutrum. Curabitur facilisis efficitur magna eu lacinia. </p>','business','2024-03-20 13:23:44'),(27,'Nowa era biznesu o większej odpowiedzialności społecznej',1,'<img src=\"https://i.imgur.com/0Kke3p8.jpg\"><p>Lorem ipsum dolor sit amet, consectetur adipiscing elit. Quisque ultricies feugiat nunc sed rutrum. Curabitur facilisis efficitur magna eu lacinia. </p>','business','2024-03-20 13:23:44'),(28,'E-commerce: Jak Internet zmienia sposób prowadzenia biznesu',1,'<img src=\"https://i.imgur.com/TiSU2Ny.jpg\"><p>Lorem ipsum dolor sit amet, consectetur adipiscing elit. Quisque ultricies feugiat nunc sed rutrum. Curabitur facilisis efficitur magna eu lacinia. </p>','business','2024-03-20 13:23:44'),(29,'Startupy i innowacje: Rewolucja w świecie biznesu',1,'<img src=\"https://i.imgur.com/hN289Ql.jpg\"><p>Lorem ipsum dolor sit amet, consectetur adipiscing elit. Quisque ultricies feugiat nunc sed rutrum. Curabitur facilisis efficitur magna eu lacinia. </p>','business','2024-03-20 13:23:44'),(30,'Przemysł 4.0: Nowe technologie zmieniają oblicze biznesu',1,'<img src=\"https://i.imgur.com/XxosesP.png\"><p>Lorem ipsum dolor sit amet, consectetur adipiscing elit. Quisque ultricies feugiat nunc sed rutrum. Curabitur facilisis efficitur magna eu lacinia. </p>','business','2024-03-20 13:23:44'),(31,'Nauka tajemnic mózgu',1,'<img src=\"https://i.imgur.com/SZUeBkU.jpg\"><p>Lorem ipsum dolor sit amet, consectetur adipiscing elit. Quisque ultricies feugiat nunc sed rutrum. Curabitur facilisis efficitur magna eu lacinia. </p>','science','2024-03-20 13:23:44'),(32,'Jak maszyny uczą się samodzielnie',1,'<img src=\"https://i.imgur.com/hnBKftX.jpg\"><p>Lorem ipsum dolor sit amet, consectetur adipiscing elit. Quisque ultricies feugiat nunc sed rutrum. Curabitur facilisis efficitur magna eu lacinia. </p>','science','2024-03-20 13:23:44'),(33,'Genetyka i medycyna',1,'<img src=\"https://i.imgur.com/YcrXQEt.png\"><p>Lorem ipsum dolor sit amet, consectetur adipiscing elit. Quisque ultricies feugiat nunc sed rutrum. Curabitur facilisis efficitur magna eu lacinia. </p>','science','2024-03-20 13:23:44'),(34,'Technologia kwantowa - Przełomowe osiągnięcia w dziedzinie nauki',1,'<img src=\"https://i.imgur.com/nBfKRwY.jpg\"><p>Lorem ipsum dolor sit amet, consectetur adipiscing elit. Quisque ultricies feugiat nunc sed rutrum. Curabitur facilisis efficitur magna eu lacinia. </p>','science','2024-03-20 13:23:44'),(35,'Odkrywanie tajemnic kosmosu',1,'<img src=\"https://i.imgur.com/VwDq7GB.jpg\"><p>Lorem ipsum dolor sit amet, consectetur adipiscing elit. Quisque ultricies feugiat nunc sed rutrum. Curabitur facilisis efficitur magna eu lacinia. </p>','science','2024-03-20 13:23:44'),(36,'Nowe kierunki w polityce zagranicznej',1,'<img src=\"https://i.imgur.com/34HRdrm.jpg\"><p>Lorem ipsum dolor sit amet, consectetur adipiscing elit. Quisque ultricies feugiat nunc sed rutrum. Curabitur facilisis efficitur magna eu lacinia. </p>','politics','2024-03-20 13:23:44'),(37,'Jak państwa radzą sobie z wyzwaniami migracji',1,'<img src=\"https://i.imgur.com/53TmuJs.jpg\"><p>Lorem ipsum dolor sit amet, consectetur adipiscing elit. Quisque ultricies feugiat nunc sed rutrum. Curabitur facilisis efficitur magna eu lacinia. </p>','politics','2024-03-20 13:23:44'),(38,'Polityka społeczna na nowej drodze',1,'<img src=\"https://i.imgur.com/fnwmbAX.jpg\"><p>Lorem ipsum dolor sit amet, consectetur adipiscing elit. Quisque ultricies feugiat nunc sed rutrum. Curabitur facilisis efficitur magna eu lacinia. </p>','politics','2024-03-20 13:23:44'),(39,'Politycy podejmują działania na rzecz ochrony środowiska',1,'<img src=\"https://i.imgur.com/mp0GGu3.jpg\"><p>Lorem ipsum dolor sit amet, consectetur adipiscing elit. Quisque ultricies feugiat nunc sed rutrum. Curabitur facilisis efficitur magna eu lacinia. </p>','politics','2024-03-20 13:23:44'),(40,'Nowe wyzwania polityki w erze technologii',1,'<img src=\"https://i.imgur.com/TunuLjg.jpg\"><p>Lorem ipsum dolor sit amet, consectetur adipiscing elit. Quisque ultricies feugiat nunc sed rutrum. Curabitur facilisis efficitur magna eu lacinia. </p>','politics','2024-03-20 13:23:44'),(41,'Rzeczywistość rozszerzona zmienia nasz sposób postrzegania świata',1,'<img src=\"https://i.imgur.com/6MqNnhR.png\"><p>Lorem ipsum dolor sit amet, consectetur adipiscing elit. Quisque ultricies feugiat nunc sed rutrum. Curabitur facilisis efficitur magna eu lacinia. </p>','technology','2024-03-20 13:23:44'),(42,'Rewolucja w bezpiecznym przesyłaniu danych i transakcjach online',1,'<img src=\"https://i.imgur.com/KOgOjaR.jpg\"><p>Lorem ipsum dolor sit amet, consectetur adipiscing elit. Quisque ultricies feugiat nunc sed rutrum. Curabitur facilisis efficitur magna eu lacinia. </p>','technology','2024-03-20 13:23:44'),(43,'Robotyka na horyzoncie',1,'<img src=\"https://i.imgur.com/feooyPU.jpg\"><p>Lorem ipsum dolor sit amet, consectetur adipiscing elit. Quisque ultricies feugiat nunc sed rutrum. Curabitur facilisis efficitur magna eu lacinia. </p>','technology','2024-03-20 13:23:44'),(44,'Jak nasza przyszłość staje się bardziej inteligentna',1,'<img src=\"https://i.imgur.com/BZALSEc.jpg\"><p>Lorem ipsum dolor sit amet, consectetur adipiscing elit. Quisque ultricies feugiat nunc sed rutrum. Curabitur facilisis efficitur magna eu lacinia. </p>','technology','2024-03-20 13:23:44'),(45,'Przełomowe technologie 5G: Nowa era szybkiego internetu',1,'<img src=\"https://i.imgur.com/Cdi92Rs.png\"><p>Lorem ipsum dolor sit amet, consectetur adipiscing elit. Quisque ultricies feugiat nunc sed rutrum. Curabitur facilisis efficitur magna eu lacinia. </p>','technology','2024-03-20 13:23:44'),(46,'Jak nowe technologie przyczyniają się do bezpiecznego ryzyka',1,'<img src=\"https://i.imgur.com/FqxN97o.jpg\"><p>Lorem ipsum dolor sit amet, consectetur adipiscing elit. Quisque ultricies feugiat nunc sed rutrum. Curabitur facilisis efficitur magna eu lacinia. </p>','sport','2024-03-20 13:23:44'),(47,'Sekrety sukcesu, nowoczesne technologie poprawiają osiągnięcia sportowców',1,'<img src=\"https://i.imgur.com/0mtVtBb.jpg\"><p>Lorem ipsum dolor sit amet, consectetur adipiscing elit. Quisque ultricies feugiat nunc sed rutrum. Curabitur facilisis efficitur magna eu lacinia. </p>','sport','2024-03-20 13:23:44'),(48,'Jak algorytmy pomagają w analizie danych',1,'<img src=\"https://i.imgur.com/IQAZyis.png\"><p>Lorem ipsum dolor sit amet, consectetur adipiscing elit. Quisque ultricies feugiat nunc sed rutrum. Curabitur facilisis efficitur magna eu lacinia. </p>','sport','2024-03-20 13:23:44'),(49,'E-sport: Rewolucja w świecie wirtualnej rywalizacji',1,'<img src=\"https://i.imgur.com/pFQFHqd.jpg\"><p>Lorem ipsum dolor sit amet, consectetur adipiscing elit. Quisque ultricies feugiat nunc sed rutrum. Curabitur facilisis efficitur magna eu lacinia. </p>','sport','2024-03-20 13:23:44'),(50,'Nowe horyzonty: Jak technologia wpływa na treningi sportowców',1,'<img src=\"https://i.imgur.com/OCuDDRE.jpg\"><p>Lorem ipsum dolor sit amet, consectetur adipiscing elit. Quisque ultricies feugiat nunc sed rutrum. Curabitur facilisis efficitur magna eu lacinia. </p>','sport','2024-03-20 13:23:44');
/*!40000 ALTER TABLE `article` ENABLE KEYS */;
UNLOCK TABLES;

--
-- Table structure for table `authority`
--

DROP TABLE IF EXISTS `authority`;
/*!40101 SET @saved_cs_client     = @@character_set_client */;
/*!50503 SET character_set_client = utf8mb4 */;
CREATE TABLE `authority` (
  `user_id_a` bigint NOT NULL,
  `authority` varchar(45) NOT NULL,
  KEY `role_id_fk_idx` (`user_id_a`),
  CONSTRAINT `role_id_fk` FOREIGN KEY (`user_id_a`) REFERENCES `user` (`id`) ON DELETE CASCADE ON UPDATE CASCADE
) ENGINE=InnoDB DEFAULT CHARSET=utf8mb4 COLLATE=utf8mb4_0900_ai_ci;
/*!40101 SET character_set_client = @saved_cs_client */;

--
-- Dumping data for table `authority`
--

LOCK TABLES `authority` WRITE;
/*!40000 ALTER TABLE `authority` DISABLE KEYS */;
INSERT INTO `authority` VALUES (1,'USER'),(2,'ADMIN'),(3,'USER'),(4,'JOURNALIST'),(5,'REDACTOR'),(6,'CORRECTOR');
/*!40000 ALTER TABLE `authority` ENABLE KEYS */;
UNLOCK TABLES;

--
-- Table structure for table `endorsement`
--

DROP TABLE IF EXISTS `endorsement`;
/*!40101 SET @saved_cs_client     = @@character_set_client */;
/*!50503 SET character_set_client = utf8mb4 */;
CREATE TABLE `endorsement` (
  `fk_article` bigint NOT NULL,
  `fk_user` bigint NOT NULL,
  `endorsement_value` tinyint(1) NOT NULL,
  KEY `fk_article_key_idx` (`fk_article`),
  KEY `fk_user_owner_key_idx` (`fk_user`),
  CONSTRAINT `fk_article_key` FOREIGN KEY (`fk_article`) REFERENCES `article` (`id_article`),
  CONSTRAINT `fk_user_owner_key` FOREIGN KEY (`fk_user`) REFERENCES `user` (`id`) ON DELETE CASCADE ON UPDATE CASCADE
) ENGINE=InnoDB DEFAULT CHARSET=utf8mb4 COLLATE=utf8mb4_0900_ai_ci;
/*!40101 SET character_set_client = @saved_cs_client */;

--
-- Dumping data for table `endorsement`
--

LOCK TABLES `endorsement` WRITE;
/*!40000 ALTER TABLE `endorsement` DISABLE KEYS */;
/*!40000 ALTER TABLE `endorsement` ENABLE KEYS */;
UNLOCK TABLES;

--
-- Table structure for table `user`
--

DROP TABLE IF EXISTS `user`;
/*!40101 SET @saved_cs_client     = @@character_set_client */;
/*!50503 SET character_set_client = utf8mb4 */;
CREATE TABLE `user` (
  `id` bigint NOT NULL AUTO_INCREMENT,
  `username` varchar(45) NOT NULL,
  `password` varchar(75) NOT NULL,
  `validation_code` varchar(50) DEFAULT NULL,
  `enabled` tinyint(1) NOT NULL,
  PRIMARY KEY (`id`)
) ENGINE=InnoDB AUTO_INCREMENT=7 DEFAULT CHARSET=utf8mb4 COLLATE=utf8mb4_0900_ai_ci;
/*!40101 SET character_set_client = @saved_cs_client */;

--
-- Dumping data for table `user`
--

LOCK TABLES `user` WRITE;
/*!40000 ALTER TABLE `user` DISABLE KEYS */;
INSERT INTO `user` VALUES (1,'user','$2a$12$iD9Psi.mmFcVXrvbeiI7Juiz5lDPn07Ska21Cnv21AgIHbIUE355m',NULL,1),(2,'user2','$2a$12$5b36FpgFqvc7826RWQpBxObz0oQAxadnVCwgJ43XEGhJJrrcs/mli',NULL,1),(3,'user3','$2a$12$nbrlhOxErstHKvSJyjzJ1uCAhItuoukWXlyYXWiTqf/Z/QSNPNP8O',NULL,1),(4,'user4','$2a$12$CV0QLaHzkp.O2PEIP7GdHOm/1ykl2ySBS3RSqKl2OBgGAJE87DpRe',NULL,1),(5,'user5','$2a$12$ZIDwaTNwptT8Sa09/ZywruvOunIBmBChY6Jd3yIvetidOHvwjIK3u',NULL,1),(6,'user6','$2a$12$ET.YNwoMCVYueEK1hhYd3.rIGLGvjIHAj2mINIjmuIAK3C5hyKh.e',NULL,1);
/*!40000 ALTER TABLE `user` ENABLE KEYS */;
UNLOCK TABLES;

--
-- Table structure for table `user_detail`
--

DROP TABLE IF EXISTS `user_detail`;
/*!40101 SET @saved_cs_client     = @@character_set_client */;
/*!50503 SET character_set_client = utf8mb4 */;
CREATE TABLE `user_detail` (
  `user_id_d` bigint NOT NULL,
  `name` varchar(45) NOT NULL,
  `surname` varchar(45) NOT NULL,
  `email` varchar(45) NOT NULL,
  `supplier` varchar(30) NOT NULL,
  KEY `user_id_fk_idx` (`user_id_d`),
  CONSTRAINT `user_id_fk` FOREIGN KEY (`user_id_d`) REFERENCES `user` (`id`) ON DELETE CASCADE ON UPDATE CASCADE
) ENGINE=InnoDB DEFAULT CHARSET=utf8mb4 COLLATE=utf8mb4_0900_ai_ci;
/*!40101 SET character_set_client = @saved_cs_client */;

--
-- Dumping data for table `user_detail`
--

LOCK TABLES `user_detail` WRITE;
/*!40000 ALTER TABLE `user_detail` DISABLE KEYS */;
INSERT INTO `user_detail` VALUES (1,'UserName','UserSurname','UserEmail@email.com','APP'),(2,'UserName','UserSurname','UserEmail@email.com','APP'),(3,'UserName','UserSurname','UserEmail@email.com','APP'),(4,'UserNameJourn','UserSurnameJourn','UserEmailJourn@email.com','APP'),(5,'UserNameRed','UserSurnameRed','UserEmailRed@email.com','APP'),(6,'UserNameCor','UserSurnameCor','UserEmailCor@email.com','APP');
/*!40000 ALTER TABLE `user_detail` ENABLE KEYS */;
UNLOCK TABLES;
/*!40103 SET TIME_ZONE=@OLD_TIME_ZONE */;

/*!40101 SET SQL_MODE=@OLD_SQL_MODE */;
/*!40014 SET FOREIGN_KEY_CHECKS=@OLD_FOREIGN_KEY_CHECKS */;
/*!40014 SET UNIQUE_CHECKS=@OLD_UNIQUE_CHECKS */;
/*!40101 SET CHARACTER_SET_CLIENT=@OLD_CHARACTER_SET_CLIENT */;
/*!40101 SET CHARACTER_SET_RESULTS=@OLD_CHARACTER_SET_RESULTS */;
/*!40101 SET COLLATION_CONNECTION=@OLD_COLLATION_CONNECTION */;
/*!40111 SET SQL_NOTES=@OLD_SQL_NOTES */;

-- Dump completed on 2024-11-04 18:35:14
